Date,Adj Close,daily_return
2017-01-03,10.523950576782228,
2017-01-04,10.484424591064451,-0.0037558125562636713
2017-01-05,10.22750186920166,-0.024505180959740858
2017-01-06,10.14845085144043,-0.00772925967378979
2017-01-09,10.26702880859375,0.01168434068304025
2017-01-10,10.5634765625,0.028873762744107134
2017-01-11,10.622767448425291,0.005612819375750977
2017-01-12,10.365845680236816,-0.024185954313304725
2017-01-13,10.336199760437012,-0.002859961523093757
2017-01-17,9.674129486083984,-0.0640535486637146
2017-01-18,9.743300437927246,0.0071500957210426375
2017-01-19,9.56543254852295,-0.018255404371184114
2017-01-20,9.575312614440918,0.0010328927487439632
2017-01-23,9.436969757080078,-0.014447868485484183
2017-01-24,9.654367446899414,0.023036811117915557
2017-01-25,9.743300437927246,0.009211684920527263
2017-01-26,9.614838600158691,-0.01318463272142345
2017-01-27,9.585195541381836,-0.0030830531857670707
2017-01-30,9.417206764221191,-0.017525858125209015
2017-01-31,9.298626899719238,-0.01259182977191009
2017-02-01,9.51602554321289,0.023379650118042328
2017-02-02,9.80259132385254,0.030114019696388716
2017-02-03,9.950815200805664,0.015120887126290006
2017-02-06,9.8618803024292,-0.008937448498617884
2017-02-07,9.486379623413086,-0.03807597207640201
2017-02-08,9.54566764831543,0.006249805221373972
2017-02-09,9.812474250793455,0.027950543881035905
2017-02-10,9.85200023651123,0.004028136503347213
2017-02-13,10.316435813903809,0.04714124708111478
2017-02-14,9.496259689331056,-0.07950188799385283
2017-02-15,9.486379623413086,-0.0010404165683327582
2017-02-16,9.891526222229004,0.04270824222720182
2017-02-17,9.931052207946776,0.003995944086863545
2017-02-21,10.217620849609377,0.028855818664742294
2017-02-22,9.980461120605469,-0.023210856274136882
2017-02-23,10.029868125915527,0.00495037300511636
2017-02-24,10.01010513305664,-0.0019704140284578786
2017-02-27,9.743300437927246,-0.02665353576041052
2017-02-28,9.703774452209473,-0.004056734775817139
2017-03-01,10.029868125915527,0.03360482823586297
2017-03-02,10.12868595123291,0.009852355392595324
2017-03-03,10.12868595123291,0.0
2017-03-06,10.365845680236816,0.02341465913207008
2017-03-07,10.514070510864258,0.014299347607503066
2017-03-08,10.612886428833008,0.009398445432398761
2017-03-09,10.425135612487791,-0.017690834402518063
2017-03-10,10.76111125946045,0.032227460578086786
2017-03-13,10.929099082946776,0.01561063903494575
2017-03-14,10.770992279052734,-0.014466590767828524
2017-03-15,10.76111125946045,-0.0009173731942507812
2017-03-16,10.82040023803711,0.005509559110313811
2017-03-17,10.958745002746582,0.012785549671549878
2017-03-20,11.097084999084473,0.012623707943128393
2017-03-21,10.464662551879885,-0.05698996153104752
2017-03-22,10.65241241455078,0.01794132029963702
2017-03-23,10.73146629333496,0.007421218378308003
2017-03-24,10.82040023803711,0.008287212788189446
2017-03-27,11.027915000915527,0.019178104165586962
2017-03-28,11.018033981323242,-0.0008960007028948613
2017-03-29,10.958745002746582,-0.005381085108029371
2017-03-30,11.14649486541748,0.01713242370580237
2017-03-31,11.45282745361328,0.027482414148523926
2017-04-03,11.423181533813477,-0.0025885240932752573
2017-04-04,11.324365615844728,-0.00865047252170914
2017-04-05,11.10696792602539,-0.019197339364878996
2017-04-06,11.314483642578123,0.01868338127334379
2017-04-07,11.373771667480469,0.0052400115440740525
2017-04-10,11.255193710327148,-0.010425561600850064
2017-04-11,11.067441940307615,-0.016681345061814623
2017-04-12,11.07732391357422,0.000892886840509588
2017-04-13,10.770992279052734,-0.027653938524457633
2017-04-17,11.067441940307615,0.02752296664731735
2017-04-18,11.087204933166504,0.0017856875116653015
2017-04-19,11.235429763793944,0.013368998906481577
2017-04-20,11.739392280578612,0.04485476099976893
2017-04-21,11.591167449951172,-0.01262627801207905
2017-04-24,11.739392280578612,0.012787739566997969
2017-04-25,11.95678997039795,0.018518649400531162
2017-04-26,11.83820915222168,-0.009917445942418168
2017-04-27,12.184066772460938,0.029215366597434178
2017-04-28,11.64057731628418,-0.044606572364260244
2017-05-01,11.94690990447998,0.02631592745552802
2017-05-02,11.571405410766602,-0.031431097808192865
2017-05-03,11.591167449951172,0.001707833965110428
2017-05-04,11.818448066711426,0.019608086738597708
2017-05-05,11.709749221801758,-0.009197387363898968
2017-05-08,11.591167449951172,-0.010126755885583316
2017-05-09,11.83820915222168,0.02131292670364693
2017-05-10,11.818448066711426,-0.0016692630833056166
2017-05-11,11.759156227111816,-0.0050168887881831825
2017-05-12,11.531879425048828,-0.019327645425696538
2017-05-15,11.551641464233398,0.00171368763548152
2017-05-16,11.531879425048828,-0.0017107559341897893
2017-05-17,10.76111125946045,-0.06683803543021483
2017-05-18,10.71170425415039,-0.004591254947450052
2017-05-19,10.830282211303713,0.011069943151891692
2017-05-22,10.988388061523438,0.014598497724713777
2017-05-23,11.0575590133667,0.0062949134537273466
2017-05-24,11.265074729919434,0.018766864938444705
2017-05-25,11.294719696044922,0.002631581843549835
2017-05-26,11.60105037689209,0.027121583278816308
2017-05-30,11.502233505249023,-0.008517924535514254
2017-05-31,11.205784797668455,-0.025773142880926914
2017-06-01,11.225546836853027,0.0017635569075611368
2017-06-02,11.205784797668455,-0.0017604522498355646
2017-06-05,11.413299560546877,0.01851853900688849
2017-06-06,11.591167449951172,0.015584265396760832
2017-06-07,11.798681259155272,0.01790275311784706
2017-06-08,12.095132827758787,0.025125822292511035
2017-06-09,11.274954795837402,-0.0678105849353754
2017-06-12,10.96862506866455,-0.027169042601035143
2017-06-13,10.958745002746582,-0.0009007570097545603
2017-06-14,10.60300350189209,-0.032461883250804124
2017-06-15,10.296673774719238,-0.028890844666625615
2017-06-16,10.435016632080078,0.013435684220714394
2017-06-19,10.672175407409668,0.022727206260553467
2017-06-20,10.543713569641112,-0.01203708080728938
2017-06-21,10.553596496582031,0.0009373288524618939
2017-06-22,10.523950576782228,-0.0028090821749158223
2017-06-23,10.50418758392334,-0.0018779062781317801
2017-06-26,10.247264862060549,-0.024459075945674424
2017-06-27,10.01010513305664,-0.02314371026769957
2017-06-28,10.326318740844728,0.03158943923014834
2017-06-29,9.693893432617188,-0.06124402355759617
2017-06-30,9.654367446899414,-0.004077410793972613
2017-07-03,9.54566764831543,-0.011259132116303916
2017-07-05,9.703774452209473,0.016563200157292846
2017-07-06,9.614838600158691,-0.009165078237214352
2017-07-07,9.713655471801758,0.010277538266886266
2017-07-10,9.80259132385254,0.009155755246720299
2017-07-11,9.921171188354492,0.01209678753141663
2017-07-12,10.07927703857422,0.015936208257883333
2017-07-13,10.049633026123049,-0.002941085192690096
2017-07-14,10.247264862060549,0.019665577382156574
2017-07-17,10.326318740844728,0.007714632133386967
2017-07-18,10.435016632080078,0.010526296346577535
2017-07-19,10.76111125946045,0.031250034271902205
2017-07-20,10.721585273742676,-0.0036730394068758
2017-07-21,10.830282211303713,0.010138140469510448
2017-07-24,10.879691123962402,0.0045621075882140705
2017-07-25,10.879691123962402,0.0
2017-07-26,10.929099082946776,0.004541301625333061
2017-07-27,10.682058334350586,-0.022603944453359337
2017-07-28,10.365845680236816,-0.02960222124016265
2017-07-31,10.247264862060549,-0.011439570087595441
2017-08-01,9.377680778503418,-0.08486011587118014
2017-08-02,9.061469078063965,-0.03371960593543655
2017-08-03,8.755136489868164,-0.03380606230146188
2017-08-04,8.666203498840332,-0.010157807491722015
2017-08-07,9.002178192138672,0.038768382642214494
2017-08-08,9.01205825805664,0.0010975194788520604
2017-08-09,8.794662475585938,-0.02412276710221606
2017-08-10,8.42904281616211,-0.04157290406980274
2017-08-11,8.626675605773926,0.023446646780921343
2017-08-14,8.695847511291504,0.008018373319993666
2017-08-15,8.58714771270752,-0.01250019603527297
2017-08-16,8.735373497009277,0.017261352577225164
2017-08-17,8.280817985534668,-0.05203618501604257
2017-08-18,8.359871864318848,0.00954662678521312
2017-08-21,8.488333702087402,0.015366484062614427
2017-08-22,8.577266693115234,0.010477084684590299
2017-08-23,8.557503700256348,-0.0023041131360355127
2017-08-24,8.606911659240723,0.005773641556578557
2017-08-25,8.438923835754395,-0.019517781770882925
2017-08-28,8.527859687805176,0.010538767001779803
2017-08-29,8.725492477416992,0.02317495794336666
2017-08-30,8.85395336151123,0.014722479496339647
2017-08-31,8.6760835647583,-0.02008930807407938
2017-09-01,8.972533226013184,0.03416860373026398
2017-09-05,8.804544448852539,-0.018722558382242682
2017-09-06,8.824308395385742,0.002244743796571802
2017-09-07,8.794662475585938,-0.0033595743112634358
2017-09-08,8.844071388244629,0.005618056724274734
2017-09-11,9.03182315826416,0.02122911064117905
2017-09-12,9.120757102966309,0.009846732286910909
2017-09-13,9.338153839111328,0.023835382708998543
2017-09-14,9.338153839111328,0.0
2017-09-15,9.535786628723145,0.02116401089732145
2017-09-18,9.8618803024292,0.034196829942043205
2017-09-19,9.782827377319336,-0.00801600939025704
2017-09-20,9.693893432617188,-0.009090822241056284
2017-09-21,9.753181457519531,0.0061160178120853725
2017-09-22,9.94093418121338,0.01925040813724377
2017-09-25,9.822354316711426,-0.011928442774125747
2017-09-26,9.960698127746582,0.014084587724531916
2017-09-27,10.178092956542969,0.021825260238618194
2017-09-28,10.425135612487791,0.02427199839887595
2017-09-29,10.425135612487791,0.0
2017-10-02,10.523950576782228,0.00947853034890711
2017-10-03,10.45478057861328,-0.006572626663750247
2017-10-04,10.375725746154783,-0.007561596521711178
2017-10-05,10.415253639221191,0.0038096509134368794
2017-10-06,10.375725746154783,-0.0037951925546542142
2017-10-09,10.375725746154783,0.0
2017-10-10,10.425135612487791,0.004762063641795766
2017-10-11,10.58324146270752,0.015165831514972306
2017-10-12,10.741347312927246,0.014939265136947766
2017-10-13,10.751230239868164,0.0009200826165469689
2017-10-16,10.682058334350586,-0.006433859565305511
2017-10-17,10.523950576782228,-0.01480124453729359
2017-10-18,10.5634765625,0.003755812556263116
2017-10-19,10.464662551879885,-0.009354307744753432
2017-10-20,10.5634765625,0.00944263707790216
2017-10-23,10.40537166595459,-0.014967127120504742
2017-10-24,10.50418758392334,0.00949662550661845
2017-10-25,10.682058334350586,0.016933318165364586
2017-10-26,10.76111125946045,0.00740053299050536
2017-10-27,10.82040023803711,0.005509559110313811
2017-10-30,10.958745002746582,0.012785549671549878
2017-10-31,11.433061599731444,0.04328201786481789
2017-11-01,10.672175407409668,-0.06655139445235281
2017-11-02,10.99827003479004,0.03055559105165817
2017-11-03,11.027915000915527,0.0026954208281586567
2017-11-06,11.274954795837402,0.022401314745476908
2017-11-07,11.225546836853027,-0.004382098188332906
2017-11-08,11.344127655029297,0.010563478100414025
2017-11-09,10.919217109680176,-0.03745643193293413
2017-11-10,10.859928131103516,-0.0054297829213505455
2017-11-13,10.869808197021484,0.0009097726797722139
2017-11-14,10.770992279052734,-0.009090861234867686
2017-11-15,10.573359489440918,-0.018348614917881756
2017-11-16,10.73146629333496,0.01495331772762798
2017-11-17,10.76111125946045,0.0027624338850975594
2017-11-20,10.919217109680176,0.014692334872082213
2017-11-21,11.14649486541748,0.020814473551937773
2017-11-22,11.07732391357422,-0.006205623622351997
2017-11-24,11.3638916015625,0.025869757914826153
2017-11-27,11.255193710327148,-0.00956519958536084
2017-11-28,11.284838676452637,0.0026338921291322315
2017-11-29,10.58324146270752,-0.06217166535212382
2017-11-30,10.444897651672363,-0.013071969634505853
2017-12-01,10.326318740844728,-0.011352807349782834
2017-12-04,10.01010513305664,-0.030622104132553618
2017-12-05,10.12868595123291,0.0118461111646746
2017-12-06,9.980461120605469,-0.014634161957543856
2017-12-07,10.138566970825195,0.01584153761125373
2017-12-08,9.931052207946776,-0.02046785936075246
2017-12-11,10.158329963684082,0.02288556650174889
2017-12-12,10.099040031433104,-0.00583658263345832
2017-12-13,10.049633026123049,-0.004892247694461727
2017-12-14,10.069395065307615,0.0019664438624968916
2017-12-15,10.415253639221191,0.034347502672248176
2017-12-18,10.336199760437012,-0.007590201978997735
2017-12-19,10.326318740844728,-0.0009559625221354784
2017-12-20,10.425135612487791,0.009569419085642128
2017-12-21,10.207737922668455,-0.020853224159398498
2017-12-22,10.197856903076172,-0.0009679930722300556
2017-12-26,9.990342140197754,-0.02034886004488079
2017-12-27,10.01010513305664,0.001978209813192189
2017-12-28,10.069395065307615,0.005923007946757819
2017-12-29,9.931052207946776,-0.013738944242785434
2018-01-02,10.197856903076172,0.02686570260056631
2018-01-03,10.168211936950684,-0.0029069800064115414
2018-01-04,10.82040023803711,0.06413992008923541
2018-01-05,10.672175407409668,-0.013698645832562084
2018-01-08,10.5634765625,-0.01018525659109748
2018-01-09,10.355962753295898,-0.019644461553573134
2018-01-10,10.276909828186035,-0.007633565994113245
2018-01-11,10.385608673095703,0.010576997047453407
2018-01-12,10.346080780029297,-0.0038060256563300365
2018-01-16,10.40537166595459,0.005730758070219277
2018-01-17,10.73146629333496,0.03133906580649315
2018-01-18,10.71170425415039,-0.001841504100594582
2018-01-19,10.78087329864502,0.006457333292023026
2018-01-22,10.60300350189209,-0.01649864457411676
2018-01-23,10.701820373535156,0.009319705649954102
2018-01-24,10.26702880859375,-0.040627813751818787
2018-01-25,9.921171188354492,-0.0336862423089499
2018-01-26,10.22750186920166,0.030876463577882873
2018-01-29,10.217620849609377,-0.0009661224919487177
2018-01-30,9.980461120605469,-0.023210856274136882
2018-01-31,9.94093418121338,-0.003960432179880069
2018-02-01,9.921171188354492,-0.0019880418176631
2018-02-02,9.604957580566406,-0.031872608766116084
2018-02-05,9.01205825805664,-0.06172846860972836
2018-02-06,9.338153839111328,0.03618436229738786
2018-02-07,9.239338874816896,-0.010581852258693902
2018-02-08,8.715609550476074,-0.05668471861859281
2018-02-09,9.160284996032717,0.05102057899465606
2018-02-12,9.38756275177002,0.02481121011363041
2018-02-13,9.911288261413574,0.05578929520815268
2018-02-14,10.187975883483888,0.02791641356527874
2018-02-15,9.990342140197754,-0.019398725080074675
2018-02-16,10.01010513305664,0.001978209813192189
2018-02-20,10.069395065307615,0.005923007946757819
2018-02-21,9.871763229370115,-0.01962698202381663
2018-02-22,9.812474250793455,-0.006005915782123505
2018-02-23,10.099040031433104,0.029204232624251425
2018-02-26,10.296673774719238,0.019569557370898938
2018-02-27,10.07927703857422,-0.02111329744939361
2018-02-28,9.931052207946776,-0.014705899050117988
2018-03-01,10.158329963684082,0.02288556650174889
2018-03-02,10.296673774719238,0.01361875539874502
2018-03-05,10.306554794311523,0.0009596321888478698
2018-03-06,10.701820373535156,0.03835089291348748
2018-03-07,10.82040023803711,0.011080345246234247
2018-03-08,10.859928131103516,0.003653089737609916
2018-03-09,11.274954795837402,0.03821633621545106
2018-03-12,11.373771667480469,0.008764280960092963
2018-03-13,11.018033981323242,-0.031277020196769034
2018-03-14,10.99827003479004,-0.0017937815917706823
2018-03-15,11.116848945617676,0.010781596601332932
2018-03-16,11.156376838684082,0.0035556742076618963
2018-03-19,10.948862075805664,-0.018600551583993874
2018-03-20,11.008152961730955,0.005415255532016383
2018-03-21,11.126730918884276,0.010771830439270547
2018-03-22,10.76111125946045,-0.032859575924793605
2018-03-23,10.158329963684082,-0.05601478148889527
2018-03-26,10.632648468017578,0.0466925671866516
2018-03-27,10.01010513305664,-0.05855016620115994
2018-03-28,9.792709350585938,-0.021717632290673028
2018-03-29,10.01010513305664,0.02219975848233413
2018-04-02,9.525906562805176,-0.048370977508765844
2018-04-03,9.644484519958496,0.012447944599448313
2018-04-04,9.782827377319336,0.014344245882146556
2018-04-05,9.703774452209473,-0.00808078503901033
2018-04-06,9.407326698303224,-0.030549736637659475
2018-04-09,9.377680778503418,-0.003151364968025816
2018-04-10,9.822354316711426,0.04741828483086552
2018-04-11,9.792709350585938,-0.003018112070652057
2018-04-12,10.089159965515137,0.03027258384947995
2018-04-13,10.00022315979004,-0.008815085302352532
2018-04-16,10.118804931640623,0.01185791256413049
2018-04-17,10.257147789001465,0.013671857328552361
2018-04-18,10.069395065307615,-0.018304574288689923
2018-04-19,9.634602546691896,-0.043179606698889206
2018-04-20,9.614838600158691,-0.002051350477346947
2018-04-23,9.436969757080078,-0.018499410179977138
2018-04-24,9.03182315826416,-0.04293185304657321
2018-04-25,8.715609550476074,-0.035011049513159365
2018-04-26,9.01205825805664,0.03401353696074794
2018-04-27,8.349989891052246,-0.07346472337909216
2018-04-30,8.182001113891602,-0.020118440782863622
2018-05-01,8.409278869628906,0.027777771302356147
2018-05-02,8.409278869628906,0.0
2018-05-03,8.32034683227539,-0.010575465355858737
2018-05-04,8.488333702087402,0.020189887897506198
2018-05-07,8.29069995880127,-0.02328298464957046
2018-05-08,8.399397850036621,0.013110821978301157
2018-05-09,8.4685697555542,0.00823534100331691
2018-05-10,8.577266693115234,0.01283533591841124
2018-05-11,8.527859687805176,-0.005760227246952243
2018-05-14,8.646438598632812,0.013904885301666559
2018-05-15,8.517975807189941,-0.014857306852694707
2018-05-16,8.705729484558105,0.022042053372549164
2018-05-17,8.755136489868164,0.005675228640827257
2018-05-18,8.597030639648438,-0.01805863910890415
2018-05-21,8.685966491699219,0.010344949992456609
2018-05-22,8.666203498840332,-0.0022752785055956126
2018-05-23,8.685966491699219,0.002280467203606751
2018-05-24,8.65632152557373,-0.003412972655814306
2018-05-25,9.071349143981934,0.047945032677225496
2018-05-29,9.071349143981934,0.0
2018-05-30,9.120757102966309,0.005446594348885059
2018-05-31,8.992297172546387,-0.014084349464601242
2018-06-01,9.20969295501709,0.024175778257686575
2018-06-04,9.229456901550291,0.002145994077080937
2018-06-05,9.268982887268066,0.0042825906377153
2018-06-06,9.298626899719238,0.0031981947546684264
2018-06-07,9.170165061950684,-0.013815140574403917
2018-06-08,8.982415199279785,-0.020473989443212992
2018-06-11,8.893479347229004,-0.009901106782272961
2018-06-12,8.893479347229004,0.0
2018-06-13,8.85395336151123,-0.004444378198290688
2018-06-14,8.844071388244629,-0.0011161085746802524
2018-06-15,9.061469078063965,0.02458117763593548
2018-06-18,8.962652206420898,-0.010905171202568287
2018-06-19,8.93300724029541,-0.0033076108993999043
2018-06-20,9.041703224182127,0.012167905047295369
2018-06-21,8.952771186828613,-0.009835761598065318
2018-06-22,8.824308395385742,-0.014348941658630432
2018-06-25,8.56738567352295,-0.029115338035685445
2018-06-26,8.735373497009277,0.019607827858793003
2018-06-27,8.508095741271973,-0.02601809250802123
2018-06-28,8.488333702087402,-0.0023227335217569367
2018-06-29,8.488333702087402,0.0
2018-07-02,8.54762077331543,0.006984535871091824
2018-07-03,8.349989891052246,-0.02312115704526363
2018-07-05,8.537740707397461,0.022485154927721185
2018-07-06,8.685966491699219,0.017361242204665395
2018-07-09,8.774900436401367,0.010238808172601033
2018-07-10,8.844071388244629,0.007882818995451624
2018-07-11,8.399397850036621,-0.05027927960860423
2018-07-12,8.498214721679688,0.01176475664176757
2018-07-13,8.498214721679688,0.0
2018-07-16,8.399397850036621,-0.011627956562567876
2018-07-17,8.399397850036621,0.0
2018-07-18,8.824308395385742,0.05058821512392919
2018-07-19,8.81442642211914,-0.0011198581037544786
2018-07-20,8.636557579040527,-0.020179287291146375
2018-07-23,8.577266693115234,-0.0068651063091598186
2018-07-24,8.65632152557373,0.009216786102961061
2018-07-25,8.527859687805176,-0.014840234086619164
2018-07-26,8.794662475585938,0.03128601988636004
2018-07-27,8.834189414978027,0.004494423691849159
2018-07-30,8.883597373962402,0.005592811820471777
2018-07-31,8.577266693115234,-0.03448272900627125
2018-08-01,8.527859687805176,-0.005760227246952243
2018-08-02,8.794662475585938,0.03128601988636004
2018-08-03,8.942888259887695,0.016854061734970838
2018-08-06,9.061469078063965,0.013259789760333929
2018-08-07,9.110876083374023,0.005452427733783516
2018-08-08,9.170165061950684,0.006507494782511003
2018-08-09,9.120757102966309,-0.005387902905846342
2018-08-10,9.180046081542969,0.00650044485423007
2018-08-13,9.229456901550291,0.005382415248074368
2018-08-14,9.130640029907228,-0.010706683253102867
2018-08-15,8.725492477416992,-0.044372305902235065
2018-08-16,8.725492477416992,0.0
2018-08-17,8.636557579040527,-0.010192536250147821
2018-08-20,8.626675605773926,-0.0011442027886878758
2018-08-21,8.685966491699219,0.006872970381036403
2018-08-22,8.58714771270752,-0.011376831707344937
2018-08-23,8.488333702087402,-0.011507198190371049
2018-08-24,8.537740707397461,0.005820577635621049
2018-08-27,8.6760835647583,0.016203684569733312
2018-08-28,8.6760835647583,0.0
2018-08-29,8.537740707397461,-0.015945311767486814
2018-08-30,8.715609550476074,0.020833244903361914
2018-08-31,8.626675605773926,-0.010203984493235008
2018-09-04,8.27093505859375,-0.041237269538925814
2018-09-05,8.162239074707031,-0.01314192205798792
2018-09-06,7.757091045379639,-0.049636873610190646
2018-09-07,7.717564105987549,-0.005095587915734612
2018-09-10,7.7373270988464355,0.0025607811723331597
2018-09-11,7.529812812805176,-0.026819893147880247
2018-09-12,7.2432451248168945,-0.03805774394563233
2018-09-13,7.569339752197266,0.04502051521949757
2018-09-14,7.628628730773926,0.007832780733544098
2018-09-17,7.707683086395264,0.010362852671336853
2018-09-18,7.648392200469971,-0.007692439512717697
2018-09-19,7.628628730773926,-0.0025840031706050315
2018-09-20,7.747209548950195,0.015544185247594156
2018-09-21,7.687920093536377,-0.007653007839687587
2018-09-24,7.717564105987549,0.0038559209890975943
2018-09-25,7.510049343109131,-0.026888634811263912
2018-09-26,7.430996417999268,-0.010526285713741479
2018-09-27,7.322298526763916,-0.014627633377949811
2018-09-28,7.302535533905029,-0.002699014904493535
2018-10-01,7.213600158691406,-0.012178698042714653
2018-10-02,7.223482131958008,0.0013699086516036907
2018-10-03,7.391469955444336,0.023255795531509582
2018-10-04,7.233364105224609,-0.021390312234614517
2018-10-05,6.9764404296875,-0.035519251042752775
2018-10-08,6.80845308303833,-0.024079234724676768
2018-10-09,6.76892614364624,-0.005805568300171093
2018-10-10,6.581174850463867,-0.02773723471020717
2018-10-11,6.650346755981445,0.010510570998231827
2018-10-12,6.73928165435791,0.013372971611814943
2018-10-15,6.887506008148193,0.021994088004087864
2018-10-16,7.065374851226807,0.025824854870280634
2018-10-17,6.640465259552002,-0.06013970958682047
2018-10-18,6.205673694610596,-0.06547606951425256
2018-10-19,6.017920970916748,-0.03025501064564584
2018-10-22,6.077211380004883,0.009852307694745654
2018-10-23,6.106856346130371,0.004878054138947041
2018-10-24,5.672063827514648,-0.07119743677796353
2018-10-25,5.958632469177246,0.05052281680478976
2018-10-26,5.909224033355713,-0.008291908601027576
2018-10-29,5.958632469177246,0.008361239232535178
2018-10-30,7.085139751434326,0.18905466784270808
2018-10-31,7.065374851226807,-0.002789627431628028
2018-11-01,7.19383716583252,0.018181953160405717
2018-11-02,7.0554938316345215,-0.019230812570385614
2018-11-05,6.907268524169922,-0.02100849508223024
2018-11-06,6.9764404296875,0.01001436461830485
2018-11-07,6.966559410095215,-0.0014163411401375559
2018-11-08,6.946796417236328,-0.002836836908366558
2018-11-09,6.640465259552002,-0.044096751838625936
2018-11-12,6.432950496673584,-0.0312500336599032
2018-11-13,6.462594985961914,0.00460822593049004
2018-11-14,6.373660564422607,-0.013761410351799896
2018-11-15,6.591057300567627,0.03410861528436504
2018-11-16,6.5614118576049805,-0.004497828134507831
2018-11-19,6.205673694610596,-0.05421670986589078
2018-11-20,6.225436210632324,0.003184588329046667
2018-11-21,6.264962673187256,0.006349187625989128
2018-11-23,6.274844169616699,0.0015772634163861987
2018-11-26,6.363779544830322,0.014173320135064893
2018-11-27,6.531766891479492,0.026397417676989887
2018-11-28,6.759044647216797,0.03479575427496995
2018-11-29,6.640465259552002,-0.01754380890406204
2018-11-30,6.76892614364624,0.01934516318859636
2018-12-03,6.887506008148193,0.017518268331714548
2018-12-04,6.502122402191162,-0.055954013760729504
2018-12-06,6.294607162475586,-0.03191500049978224
2018-12-07,6.096974849700928,-0.03139708446824374
2018-12-10,6.235317230224609,0.0226903315060365
2018-12-11,6.215554237365723,-0.00316952484199029
2018-12-12,6.452714443206787,0.038155922510552776
2018-12-13,6.423069000244141,-0.004594259241373466
2018-12-14,6.294607162475586,-0.020000071268683528
2018-12-17,6.235317230224609,-0.009419163217114668
2018-12-18,6.363779544830322,0.020602370314539042
2018-12-19,6.106856346130371,-0.04037273712736722
2018-12-20,6.156264305114746,0.00809057167615923
2018-12-21,5.91910457611084,-0.038523318241367455
2018-12-24,5.68194580078125,-0.04006666418544935
2018-12-26,6.136501312255859,0.0799999731451344
2018-12-27,6.314370632171631,0.02898546107380917
2018-12-28,6.423069000244141,0.017214442167631683
2018-12-31,6.482358455657959,0.00923070504326895
2019-01-02,6.591057300567627,0.01676841008611496
2019-01-03,6.2550811767578125,-0.050974541486823344
2019-01-04,6.521885395050049,0.042653997726457726
2019-01-07,6.927032947540283,0.062121231507338504
2019-01-08,6.946796417236328,0.0028530930696759604
2019-01-09,7.045612335205078,0.0142246745166692
2019-01-10,7.282772064208984,0.0336606270286659
2019-01-11,7.361824035644531,0.010854654071084546
2019-01-14,7.282772064208984,-0.010738095756268051
2019-01-15,7.282772064208984,0.0
2019-01-16,7.183955669403076,-0.013568514012890609
2019-01-17,7.134547233581543,-0.0068776086734453346
2019-01-18,7.4013519287109375,0.03739616353979325
2019-01-22,7.19383716583252,-0.028037413283029666
2019-01-23,7.006086349487305,-0.026098841552453678
2019-01-24,7.292653560638428,0.04090260908247201
2019-01-25,7.658274173736572,0.05013546990241724
2019-01-28,7.7373270988464355,0.010322550918974605
2019-01-29,7.687920093536377,-0.0063855391763680824
2019-01-30,7.83614444732666,0.019280163163363673
2019-01-31,7.905315399169922,0.008827166511313989
2019-02-01,8.043660163879395,0.017500220765891195
2019-02-04,8.122712135314941,0.009827860678467637
2019-02-05,8.182001113891602,0.0072991603775900415
2019-02-06,8.527859687805176,0.042270658375536785
2019-02-07,8.31046199798584,-0.025492643849454266
2019-02-08,8.280817985534668,-0.003567071536859978
2019-02-11,8.379633903503418,0.011933110731496166
2019-02-12,8.81442642211914,0.05188681553664787
2019-02-13,9.130640029907228,0.03587455299355313
2019-02-14,9.298626899719238,0.018398148351240762
2019-02-15,9.367798805236816,0.00743893762633574
2019-02-19,9.288744926452637,-0.00843889588448321
2019-02-20,9.357917785644531,0.007446954323711008
2019-02-21,9.229456901550291,-0.01372750723363958
2019-02-22,9.229456901550291,0.0
2019-02-25,9.180046081542969,-0.0053535999500710085
2019-02-26,8.982415199279785,-0.02152831047989312
2019-02-27,8.735373497009277,-0.027502814865462466
2019-02-28,8.6760835647583,-0.006787337973731211
2019-03-01,8.794662475585938,0.013667331572196462
2019-03-04,8.923125267028809,0.014606904107972829
2019-03-05,8.745255470275879,-0.01993357612160429
2019-03-06,8.54762077331543,-0.02259907645147552
2019-03-07,8.488333702087402,-0.0069360904982019855
2019-03-08,8.369752883911133,-0.013969858200450935
2019-03-11,8.537740707397461,0.02007082237866853
2019-03-12,8.626675605773926,0.010416678302189286
2019-03-13,8.488333702087402,-0.01603652554107049
2019-03-14,8.498214721679688,0.0011640705866517997
2019-03-15,8.666203498840332,0.019767537378420297
2019-03-18,8.58714771270752,-0.009122308995327844
2019-03-19,8.606911659240723,0.002301572908074645
2019-03-20,8.498214721679688,-0.012629029071575704
2019-03-21,8.824308395385742,0.038372020993322487
2019-03-22,8.557503700256348,-0.030235196139439924
2019-03-25,8.527859687805176,-0.003464095779506793
2019-03-26,8.537740707397461,0.0011586752073811102
2019-03-27,8.379633903503418,-0.01851857643756416
2019-03-28,8.359871864318848,-0.002358341594888569
2019-03-29,8.438923835754395,0.009456122380649523
2019-04-01,8.666203498840332,0.02693230410766234
2019-04-02,8.636557579040527,-0.003420865873247969
2019-04-03,8.774900436401367,0.01601828692679308
2019-04-04,8.774900436401367,0.0
2019-04-05,8.844071388244629,0.007882818995451624
2019-04-08,8.85395336151123,0.0011173556649188843
2019-04-09,8.774900436401367,-0.008928545462359438
2019-04-10,8.85395336151123,0.00900898257283056
2019-04-11,8.8737154006958,0.0022320017259722658
2019-04-12,9.002178192138672,0.014476776146415293
2019-04-15,8.93300724029541,-0.00768380167187388
2019-04-16,8.91324520111084,-0.002212249319067716
2019-04-17,8.923125267028809,0.0011084701133026176
2019-04-18,8.923125267028809,0.0
2019-04-22,8.794662475585938,-0.014396614145667619
2019-04-23,8.923125267028809,0.014606904107972829
2019-04-24,9.38756275177002,0.05204874646972857
2019-04-25,9.288744926452637,-0.010526462291690186
2019-04-26,9.061469078063965,-0.024467874851577864
2019-04-29,9.01205825805664,-0.005452848713785041
2019-04-30,8.952771186828613,-0.006578638256696356
2019-05-01,8.8737154006958,-0.008830314601262268
2019-05-02,8.85395336151123,-0.002227030988961043
2019-05-03,8.31046199798584,-0.061384032796918286
2019-05-06,7.915197372436523,-0.04756229264331091
2019-05-07,7.707683086395264,-0.026217196650572094
2019-05-08,7.668156623840332,-0.0051281898998545294
2019-05-09,7.519931316375732,-0.01932997912480905
2019-05-10,7.450759887695312,-0.009198412295307823
2019-05-13,7.045612335205078,-0.05437667547968117
2019-05-14,7.11478328704834,0.009817592645231521
2019-05-15,7.223482131958008,0.015277885569268346
2019-05-16,7.164192199707031,-0.008207943366907111
2019-05-17,7.075257778167725,-0.012413740315753041
2019-05-20,6.966559410095215,-0.01536316717786912
2019-05-21,6.927032947540283,-0.005673742263312076
2019-05-22,6.80845308303833,-0.017118420743770235
2019-05-23,6.551530361175537,-0.03773584377086414
2019-05-24,6.472477436065674,-0.012066329659148334
2019-05-28,6.423069000244141,-0.007633620404178143
2019-05-29,6.472477436065674,0.007692340813971521
2019-05-30,6.600937843322754,0.01984717730204477
2019-05-31,6.403306007385254,-0.029939963173174933
2019-06-03,6.502122402191162,0.015432090031608503
2019-06-04,7.01596736907959,0.07902726757577905
2019-06-05,6.917150974273682,-0.014084500341521977
2019-06-06,7.01596736907959,0.014285707392165836
2019-06-07,6.986322402954102,-0.004225356898912902
2019-06-10,7.312416553497314,0.046676081024449534
2019-06-11,7.282772064208984,-0.004053993515201415
2019-06-12,7.124665260314941,-0.021709700990239056
2019-06-13,7.174074172973633,0.0069349100418658605
2019-06-14,6.778808116912842,-0.055096455170459246
2019-06-17,6.778808116912842,0.0
2019-06-18,7.035730838775635,0.03790086950857652
2019-06-19,6.9764404296875,-0.008427043394180322
2019-06-20,7.104902744293213,0.018413733464856197
2019-06-21,6.986322402954102,-0.016689931672091762
2019-06-24,6.9764404296875,-0.0014144742679529365
2019-06-25,6.828216075897217,-0.02124641574513131
2019-06-26,7.11478328704834,0.041968093564389575
2019-06-27,7.292653560638428,0.025000097179893155
2019-06-28,7.371706962585449,0.010840142245849504
2019-07-01,7.589102268218994,0.029490497484085942
2019-07-02,7.450759887695312,-0.018229083709020655
2019-07-03,7.391469955444336,-0.007957568509071256
2019-07-05,7.312416553497314,-0.010695220629124536
2019-07-08,7.263009071350098,-0.006756655858669025
2019-07-09,7.302535533905029,0.005442160703178711
2019-07-10,7.351943492889404,0.00676586354903419
2019-07-11,7.312416553497314,-0.005376393253065714
2019-07-12,7.470522880554199,0.021621624793963345
2019-07-15,7.480404853820801,0.0013227953952625882
2019-07-16,7.480404853820801,0.0
2019-07-17,7.510049343109131,0.003962952522975849
2019-07-18,7.559457778930664,0.006578976190997787
2019-07-19,7.529812812805176,-0.003921573080031382
2019-07-22,7.658274173736572,0.01706036579195369
2019-07-23,7.83614444732666,0.023225895228468074
2019-07-24,8.221528053283691,0.04918025803984594
2019-07-25,7.944841861724853,-0.033653864557249724
2019-07-26,8.102949142456055,0.019900620236747768
2019-07-29,8.083185195922852,-0.0024391053412452512
2019-07-30,9.6642484664917,0.19559904075516354
2019-07-31,9.120757102966309,-0.05623731275223387
2019-08-01,9.130640029907228,0.0010835643170132858
2019-08-02,9.05158519744873,-0.008658191780593238
2019-08-05,8.755136489868164,-0.03275102660074647
2019-08-06,8.557503700256348,-0.02257335334983368
2019-08-07,8.666203498840332,0.01270227888779396
2019-08-08,8.91324520111084,0.028506335248597026
2019-08-09,8.834189414978027,-0.008869472829375336
2019-08-12,8.725492477416992,-0.012304121233436938
2019-08-13,8.844071388244629,0.01358993903605299
2019-08-14,8.537740707397461,-0.03463683945997276
2019-08-15,8.537740707397461,0.0
2019-08-16,8.824308395385742,0.03356481507338205
2019-08-19,8.93300724029541,0.01231811492065571
2019-08-20,8.81442642211914,-0.013274456740768104
2019-08-21,8.91324520111084,0.011211027724245426
2019-08-22,8.982415199279785,0.007760360744964778
2019-08-23,8.695847511291504,-0.03190318880063103
2019-08-26,8.508095741271973,-0.02159096853707898
2019-08-27,8.409278869628906,-0.011614452240319206
2019-08-28,8.557503700256348,0.017626342630016945
2019-08-29,8.735373497009277,0.020785243335343484
2019-08-30,8.646438598632812,-0.010181006960596872
2019-09-03,8.498214721679688,-0.017142766384365737
2019-09-04,8.725492477416992,0.02674417665130302
2019-09-05,8.962652206420898,0.027180096667060782
2019-09-06,8.952771186828613,-0.0011024660295538835
2019-09-09,9.041703224182127,0.00993346478957835
2019-09-10,9.002178192138672,-0.00437141444078204
2019-09-11,9.130640029907228,0.014270083864895922
2019-09-12,9.120757102966309,-0.0010823914762325693
2019-09-13,9.01205825805664,-0.011917743634935363
2019-09-16,8.962652206420898,-0.005482216184252264
2019-09-17,9.021942138671877,0.006615221798800031
2019-09-18,9.041703224182127,0.0021903360946582406
2019-09-19,9.219574928283691,0.019672366996722923
2019-09-20,8.93300724029541,-0.031082527146577332
2019-09-23,9.061469078063965,0.014380581400301962
2019-09-24,8.844071388244629,-0.023991439792650504
2019-09-25,9.061469078063965,0.02458117763593548
2019-09-26,8.952771186828613,-0.011995614651324926
2019-09-27,8.794662475585938,-0.0176603096341037
2019-09-30,8.992297172546387,0.02247211845924557
2019-10-01,9.091113090515137,0.010988951551827775
2019-10-02,9.130640029907228,0.00434786576721069
2019-10-03,9.417206764221191,0.0313851749028895
2019-10-04,9.76306438446045,0.036726136411624255
2019-10-07,9.644484519958496,-0.01214576282941382
2019-10-08,9.44685173034668,-0.020491793957762128
2019-10-09,9.54566764831543,0.010460195712749254
2019-10-10,9.54566764831543,0.0
2019-10-11,9.644484519958496,0.01035201258662144
2019-10-14,9.62472152709961,-0.0020491497309149675
2019-10-15,9.753181457519531,0.013346872432436374
2019-10-16,9.6642484664917,-0.009118357062788629
2019-10-17,9.73341941833496,0.007157406194914451
2019-10-18,9.772947311401367,0.004061048986746529
2019-10-21,10.069395065307615,0.03033350579516636
2019-10-22,9.980461120605469,-0.008832104026641474
2019-10-23,9.772947311401367,-0.020792006170503696
2019-10-24,10.237382888793944,0.047522570478892634
2019-10-25,10.701820373535156,0.045366817846541174
2019-10-28,10.948862075805664,0.0230840823007481
2019-10-29,14.743413925170898,0.34657043107249264
2019-10-30,13.439038276672363,-0.08847175119133177
2019-10-31,12.28288459777832,-0.08602949519839587
2019-11-01,12.806612014770508,0.042638796515837685
2019-11-04,13.172231674194336,0.02854928836776982
2019-11-05,13.0536527633667,-0.009002188373284148
2019-11-06,12.915307998657228,-0.010598164913480534
2019-11-07,12.60897731781006,-0.023718418552543752
2019-11-08,12.638622283935549,0.002351099964595482
2019-11-11,12.5595703125,-0.006254793414945947
2019-11-12,12.757203102111816,0.01573563304272607
2019-11-13,12.806612014770508,0.0038730207760440116
2019-11-14,12.727559089660645,-0.006172821119175609
2019-11-15,12.84613800048828,0.009316704797227349
2019-11-18,12.747321128845217,-0.007692340813971188
2019-11-19,12.84613800048828,0.00775197162166541
2019-11-20,13.172231674194336,0.025384568785860928
2019-11-21,12.174185752868652,-0.07576893164435838
2019-11-22,11.986434936523438,-0.015422043014332587
2019-11-25,12.352056503295898,0.030502945096576584
2019-11-26,12.174185752868652,-0.014400092031621181
2019-11-27,12.184066772460938,0.0008116369992101635
2019-11-29,11.94690990447998,-0.01946450823110979
2019-12-02,11.650458335876465,-0.024814079203221318
2019-12-03,11.60105037689209,-0.004240859677788644
2019-12-04,12.006196975708008,0.03492326863978823
2019-12-05,12.30264663696289,0.024691387443891433
2019-12-06,12.450872421264648,0.012048284298145973
2019-12-09,12.401463508605955,-0.0039683092868503245
2019-12-10,12.28288459777832,-0.009561686872307296
2019-12-11,12.599096298217772,0.025744091131219005
2019-12-12,12.589214324951172,-0.0007843398472950902
2019-12-13,12.638622283935549,0.0039246260893701646
2019-12-16,12.757203102111816,0.009382416493844525
2019-12-17,12.786847114562988,0.002323707807573072
2019-12-18,12.826373100280762,0.0030911439984886435
2019-12-19,12.806612014770508,-0.001540660431109786
2019-12-20,13.024007797241213,0.016975276694567665
2019-12-23,13.290811538696287,0.02048553299481215
2019-12-24,13.201875686645508,-0.006691529090743775
2019-12-26,13.725604057312012,0.03967075460317249
2019-12-27,13.12282371520996,-0.04391648918219626
2019-12-30,13.112943649291992,-0.0007528917657040335
2019-12-31,12.84613800048828,-0.02034673952237398
2020-01-02,13.103060722351074,0.019999997030471617
2020-01-03,12.747321128845217,-0.027149350906925163
2020-01-06,12.69791316986084,-0.0038759484039806447
2020-01-07,12.87578296661377,0.014007797531260024
2020-01-08,12.89554500579834,0.0015348223277615869
2020-01-09,12.77696704864502,-0.00919526527184411
2020-01-10,12.5595703125,-0.017014737168636107
2020-01-13,12.628741264343262,0.005507429802309227
2020-01-14,12.767084121704102,0.010954603825121145
2020-01-15,12.826373100280762,0.004643893469446825
2020-01-16,13.07341480255127,0.019260448790866747
2020-01-17,13.043770790100098,-0.0022675033951640167
2020-01-21,12.944954872131348,-0.007575717141836691
2020-01-22,13.043770790100098,0.007633546732672469
2020-01-23,13.231520652770996,0.014393833324133132
2020-01-24,12.638622283935549,-0.04480954112491076
2020-01-27,11.709749221801758,-0.07349480356845894
2020-01-28,11.877737998962402,0.014346061045259262
2020-01-29,11.77892017364502,-0.008319582847004625
2020-01-30,11.828329086303713,0.004194689490233827
2020-01-31,11.116848945617676,-0.06015051961226503
2020-02-03,11.037796974182127,-0.007111005269772153
2020-02-04,11.324365615844728,0.025962485297826854
2020-02-05,11.689985275268556,0.03228610518475872
2020-02-06,11.304600715637209,-0.03296706972306207
2020-02-07,10.948862075805664,-0.03146848338831332
2020-02-10,11.413299560546877,0.04241879032959117
2020-02-11,13.083296775817873,0.14632028243995165
2020-02-12,12.83625602722168,-0.018882148194696913
2020-02-13,12.5595703125,-0.02155501683161476
2020-02-14,12.48051643371582,-0.006294313962755593
2020-02-18,11.917264938354492,-0.045130463819567423
2020-02-19,12.233475685119627,0.02653383543966048
2020-02-20,12.83625602722168,0.049273024087116424
2020-02-21,12.174185752868652,-0.05157814497848778
2020-02-24,10.978507041931152,-0.0982142654309145
2020-02-25,10.355962753295898,-0.056705732961459754
2020-02-26,10.306554794311523,-0.004770967235146806
2020-02-27,9.871763229370115,-0.04218592668632415
2020-02-28,10.316435813903809,0.04504489970046266
2020-03-02,10.415253639221191,0.009578678828612741
2020-03-03,10.197856903076172,-0.02087291809451086
2020-03-04,10.741347312927246,0.053294571106124344
2020-03-05,10.197856903076172,-0.05059797379393749
2020-03-06,9.743300437927246,-0.044573724604020426
2020-03-09,8.508095741271973,-0.12677477252441638
2020-03-10,9.32827091217041,0.09639938193453146
2020-03-11,8.54762077331543,-0.08368647804133578
2020-03-12,7.282772064208984,-0.14797669932376267
2020-03-13,7.934959888458252,0.08955214010533563
2020-03-16,7.19383716583252,-0.09339968103729512
2020-03-17,7.885551929473877,0.0961537977154514
2020-03-18,5.711590766906738,-0.2756891568288975
2020-03-19,6.403306007385254,0.121107283190937
2020-03-20,6.867743015289307,0.07253081570182562
2020-03-23,6.87762451171875,0.0014388273421770403
2020-03-24,7.944841861724853,0.15517237793189742
2020-03-25,8.152356147766113,0.02611937275189624
2020-03-26,8.458688735961914,0.03757595750766374
2020-03-27,7.638510704040527,-0.0969627867301015
2020-03-30,8.261054039001465,0.0815006169503214
2020-03-31,7.697801113128662,-0.0681817263527893
2020-04-01,7.282772064208984,-0.053915273052695833
2020-04-02,7.411233425140381,0.01763907476422566
2020-04-03,7.302535533905029,-0.01466663981553007
2020-04-06,8.42904281616211,0.15426248554721922
2020-04-07,8.666203498840332,0.02813613453516739
2020-04-08,9.130640029907228,0.05359169457872115
2020-04-09,9.071349143981934,-0.006493617723520861
2020-04-13,8.883597373962402,-0.020697226734359364
2020-04-14,9.021942138671877,0.015573056599228474
2020-04-15,8.537740707397461,-0.05366931241987494
2020-04-16,9.061469078063965,0.06134273558023651
2020-04-17,9.32827091217041,0.029443551791433098
2020-04-20,9.120757102966309,-0.02224568852662312
2020-04-21,8.6760835647583,-0.048754016052394156
2020-04-22,9.041703224182127,0.042141094734143625
2020-04-23,9.061469078063965,0.0021860763831502705
2020-04-24,9.298626899719238,0.02617211620016291
2020-04-27,10.069395065307615,0.08289053576411898
2020-04-28,9.456732749938965,-0.06084400417255198
2020-04-29,10.395490646362305,0.09926873490523436
2020-04-30,9.76306438446045,-0.06083659573328182
2020-05-01,9.614838600158691,-0.015182301218630068
2020-05-04,9.614838600158691,0.0
2020-05-05,9.604957580566406,-0.0010276843952556902
2020-05-06,9.634602546691896,0.0030864234304865956
2020-05-07,9.6642484664917,0.0030770257160199765
2020-05-08,10.01010513305664,0.03578722833587222
2020-05-11,9.901408195495604,-0.01085872087417783
2020-05-12,9.842118263244627,-0.005988030296331881
2020-05-13,9.367798805236816,-0.048192822451560646
2020-05-14,9.54566764831543,0.01898726123144101
2020-05-15,9.278864860534668,-0.027950144255006193
2020-05-18,9.891526222229004,0.06602761985468053
2020-05-19,9.703774452209473,-0.018981071859022203
2020-05-20,9.901408195495604,0.02036668764916838
2020-05-21,9.80259132385254,-0.009980082599565732
2020-05-22,9.693893432617188,-0.011088689474471947
2020-05-26,10.28679084777832,0.06116194894057769
2020-05-27,10.84016227722168,0.053794369656390284
2020-05-28,10.276909828186035,-0.051959780179601234
2020-05-29,10.45478057861328,0.017307804914217018
2020-06-01,10.346080780029297,-0.010397138205496481
2020-06-02,10.464662551879885,0.011461516140438555
2020-06-03,11.274954795837402,0.07743128265631039
2020-06-04,11.591167449951172,0.028045580655499558
2020-06-05,12.401463508605955,0.06990633705823979
2020-06-08,12.569451332092283,0.013545806377590397
2020-06-09,12.460752487182615,-0.008647859165669236
2020-06-10,12.312528610229492,-0.011895258902348771
2020-06-11,10.978507041931152,-0.10834667764264183
2020-06-12,11.630696296691896,0.05940600595962464
2020-06-15,11.610933303833008,-0.0016992097768480097
2020-06-16,11.966670989990234,0.03063816463744473
2020-06-17,12.085249900817873,0.009909097603404193
2020-06-18,11.937026023864746,-0.012264858250311872
2020-06-19,11.670222282409668,-0.022350939079941567
2020-06-22,11.877737998962402,0.017781642159937272
2020-06-23,12.20383071899414,0.027454109533332494
2020-06-24,11.848092079162598,-0.029149752075622315
2020-06-25,12.035841941833496,0.015846421636197094
2020-06-26,11.650458335876465,-0.032019663254095776
2020-06-29,11.739392280578612,0.007633514677125142
2020-06-30,12.164304733276367,0.0361954386174419
2020-07-01,11.848092079162598,-0.025995127633455795
2020-07-02,12.124778747558594,0.02335284588837805
2020-07-06,12.361936569213867,0.0195597648908048
2020-07-07,12.006196975708008,-0.0287770117177103
2020-07-08,12.184066772460938,0.01481483246633486
2020-07-09,12.312528610229492,0.010543428575006786
2020-07-10,12.045723915100098,-0.021669366510769228
2020-07-13,11.818448066711426,-0.018867761704530417
2020-07-14,12.095132827758787,0.02341126004747518
2020-07-15,12.035841941833496,-0.00490204504321079
2020-07-16,12.0654878616333,0.0024631363508325066
2020-07-17,12.016077995300291,-0.004095140362299521
2020-07-20,12.164304733276367,0.012335700386935766
2020-07-21,12.144540786743164,-0.0016247493766854415
2020-07-22,12.085249900817873,-0.004882101922701998
2020-07-23,12.490398406982422,0.03352421418585072
2020-07-24,11.937026023864746,-0.044303821630567675
2020-07-27,13.47856330871582,0.12913914083534728
2020-07-28,14.160396575927734,0.05058649439076435
2020-07-29,13.99240779876709,-0.011863281953996996
2020-07-30,14.002290725708008,0.0007063063829364502
2020-07-31,13.439038276672363,-0.0402257359220175
2020-08-03,13.597142219543455,0.011764528057452539
2020-08-04,13.399510383605955,-0.0145348068547404
2020-08-05,13.557616233825684,0.011799375178153326
2020-08-06,13.2512845993042,-0.022594800534123327
2020-08-07,12.865900993347168,-0.029082735569445628
2020-08-10,12.69791316986084,-0.013056825446829845
2020-08-11,12.638622283935549,-0.004669340948560086
2020-08-12,13.379745483398438,0.05863955602224946
2020-08-13,13.2512845993042,-0.009601145571388692
2020-08-14,13.30069351196289,0.003728613047921936
2020-08-17,13.626788139343262,0.024517114621660507
2020-08-18,13.40939235687256,-0.0159535600207239
2020-08-19,13.310576438903809,-0.007369157031049678
2020-08-20,12.747321128845217,-0.04231637244592379
2020-08-21,12.440991401672363,-0.024030910030161334
2020-08-24,12.628741264343262,0.015091230000019218
2020-08-25,12.69791316986084,0.005477339670651338
2020-08-26,12.885663032531738,0.014785883330540761
2020-08-27,12.391581535339355,-0.038343505952701196
2020-08-28,12.520044326782228,0.010366940739284347
2020-08-31,12.0556058883667,-0.0370955905820578
2020-09-01,12.352056503295898,0.024590270922448143
2020-09-02,12.618860244750977,0.021599945028091927
2020-09-03,11.739392280578612,-0.06969472259098786
2020-09-04,11.3638916015625,-0.031986381410674114
2020-09-08,10.60300350189209,-0.06695664886189079
2020-09-09,11.018033981323242,0.03914272775229111
2020-09-10,10.84016227722168,-0.01614368810289335
2020-09-11,10.751230239868164,-0.008203939671676985
2020-09-14,11.403416633605955,0.060661559578486735
2020-09-15,11.274954795837402,-0.011265206025181551
2020-09-16,11.354009628295898,0.007011543184872293
2020-09-17,11.344127655029297,-0.0008703509676417642
2020-09-18,11.116848945617676,-0.020034921707784203
2020-09-21,11.027915000915527,-0.00799992382168746
2020-09-22,11.176140785217283,0.013440961803699913
2020-09-23,10.78087329864502,-0.03536708190854976
2020-09-24,10.790756225585938,0.0009167093116806413
2020-09-25,10.78087329864502,-0.0009158697253751624
2020-09-28,11.14649486541748,0.033913910000075154
2020-09-29,11.126730918884276,-0.0017731086562936538
2020-09-30,11.067441940307615,-0.005328517334416305
2020-10-01,11.304600715637209,0.0214285086480428
2020-10-02,11.018033981323242,-0.02534956709418057
2020-10-05,11.354009628295898,0.030493248390971672
2020-10-06,11.284838676452637,-0.006092204790004496
2020-10-07,11.719629287719728,0.03852873964200665
2020-10-08,12.124778747558594,0.03457016001891766
2020-10-09,12.539807319641112,0.034229785196376206
2020-10-12,12.688032150268556,0.01182034355466377
2020-10-13,12.628741264343262,-0.0046729772767828415
2020-10-14,12.638622283935549,0.0007824231556778916
2020-10-15,12.747321128845217,0.008600529588405514
2020-10-16,12.648504257202148,-0.007751971621665743
2020-10-19,12.549688339233398,-0.007812458766615293
2020-10-20,12.994361877441406,0.03543303436610845
2020-10-21,13.004244804382324,0.0007605550033260577
2020-10-22,12.954834938049316,-0.0037995183170004276
2020-10-23,13.12282371520996,0.01296726496045486
2020-10-26,13.231520652770996,0.008283044862901878
2020-10-27,11.116848945617676,-0.1598207615471966
2020-10-28,11.423181533813477,0.027555703031888257
2020-10-29,11.620814323425291,0.01730102852929427
2020-10-30,11.709749221801758,0.007653069389224498
2020-11-02,11.670222282409668,-0.0033755581476071495
2020-11-03,12.016077995300291,0.029635743392131042
2020-11-04,12.322410583496094,0.02549355857340596
2020-11-05,12.83625602722168,0.04170007485498006
2020-11-06,12.5595703125,-0.02155501683161476
2020-11-09,12.668267250061035,0.008654510851605624
2020-11-10,12.60897731781006,-0.00468019272727993
2020-11-11,13.12282371520996,0.04075242459783768
2020-11-12,12.984481811523438,-0.010542083524765822
2020-11-13,13.142586708068848,0.01217645023038938
2020-11-16,13.557616233825684,0.03157898326834174
2020-11-17,13.33033847808838,-0.016763843423319047
2020-11-18,13.32045555114746,-0.0007413860463608701
2020-11-19,13.350101470947266,0.002225593538146775
2020-11-20,13.34022045135498,-0.0007401456546071161
2020-11-23,13.824419021606444,0.03629614458149999
2020-11-24,14.209805488586426,0.02787722698347439
2020-11-25,14.091224670410156,-0.008344999392955521
2020-11-27,14.46672821044922,0.026648041516758703
2020-11-30,14.565544128417969,0.006830564349537882
2020-12-01,14.861992835998535,0.020352738281996796
2020-12-02,14.763175964355469,-0.00664896509731272
2020-12-03,14.684122085571287,-0.0053548016344890925
2020-12-04,15.306666374206545,0.042395744533271884
2020-12-07,15.306666374206545,0.0
2020-12-08,15.207852363586426,-0.006455619284067793
2020-12-09,14.634716033935549,-0.037686868332782564
2020-12-10,14.911401748657228,0.018906121176529123
2020-12-11,14.6544771194458,-0.017230078938391125
2020-12-14,14.802703857421877,0.010114774943377869
2020-12-15,15.385720252990724,0.03938580418715398
2020-12-16,15.267141342163086,-0.007707075709022404
2020-12-17,15.237419128417969,-0.001946809365223734
2020-12-18,15.148253440856934,-0.0058517578869206055
2020-12-21,14.860941886901855,-0.01896664556589467
2020-12-22,14.851034164428713,-0.0006666954590459628
2020-12-23,14.9005708694458,0.003335572760026384
2020-12-24,14.851034164428713,-0.003324483702746295
2020-12-28,15.068994522094728,0.014676443084891355
2020-12-29,14.662795066833496,-0.026955976038457452
2020-12-30,15.009550094604492,0.023648630850426233
2020-12-31,14.94019889831543,-0.004620471356699296
2021-01-04,14.77177619934082,-0.011273122943068703
2021-01-05,15.326583862304688,0.03755862906917207
2021-01-06,15.881392478942873,0.036199104877031374
2021-01-07,16.63434600830078,0.047411052296342904
2021-01-08,16.515459060668945,-0.007147076751470083
2021-01-11,16.931564331054688,0.025194895815925822
2021-01-12,17.486371994018555,0.03276765525712699
2021-01-13,17.238693237304688,-0.014164102010330581
2021-01-14,18.56626892089844,0.07701138742470737
2021-01-15,17.87276268005371,-0.03735302142823704
2021-01-19,18.615806579589844,0.041574093095600784
2021-01-20,18.36812400817871,-0.013304960510423958
2021-01-21,18.288862228393555,-0.004315181003234914
2021-01-22,18.29877281188965,0.0005418917465902506
2021-01-25,17.674612045288086,-0.034109433076081164
2021-01-26,17.05045509338379,-0.035313756834096544
2021-01-27,16.01018714904785,-0.06101115416793779
2021-01-28,16.069629669189453,0.0037127935849978755
2021-01-29,15.37612247467041,-0.04315638933787724
2021-02-01,16.426294326782227,0.06829887403939439
2021-02-02,16.515459060668945,0.00542817096253656
2021-02-03,16.20833396911621,-0.018596218877387605
2021-02-04,16.991010665893555,0.0482885346679478
2021-02-05,17.68452262878418,0.04081640442276502
2021-02-08,19.06163215637207,0.07787089063667696
2021-02-09,19.200334548950195,0.007276522358645954
2021-02-10,18.635616302490234,-0.029411896184425523
2021-02-11,22.737239837646484,0.22009594255319365
2021-02-12,23.985557556152344,0.05490190222821134
2021-02-16,24.72860336303711,0.030978884069933654
2021-02-17,23.648712158203125,-0.04366972080793463
2021-02-18,22.68770408630371,-0.040636803622562834
2021-02-19,23.45056533813477,0.03362443590277553
2021-02-22,23.55973052978516,0.004655119826594056
2021-02-23,23.38109588623047,-0.007582202323106135
2021-02-24,23.8177547454834,0.018675722531469763
2021-02-25,22.60701942443848,-0.05083331044352579
2021-02-26,23.708589553833008,0.048726906838665984
2021-03-01,24.522363662719727,0.034324020289733026
2021-03-02,22.567323684692383,-0.0797247771428945
2021-03-03,22.081043243408203,-0.021547988945363028
2021-03-04,20.59243392944336,-0.06741571480818664
2021-03-05,21.2176513671875,0.03036151238296303
2021-03-08,20.50311851501465,-0.03367634050571011
2021-03-09,21.64438438415528,0.05566303820098728
2021-03-10,21.35658836364746,-0.013296567617718913
2021-03-11,22.35891914367676,0.04693309450752148
2021-03-12,22.438310623168945,0.003550774479840424
2021-03-15,23.22231101989746,0.034940259536249796
2021-03-16,22.93451499938965,-0.012393082680755674
2021-03-17,23.480337142944336,0.023799157887978595
2021-03-18,22.93451499938965,-0.023245924461468115
2021-03-19,23.787982940673828,0.037213254403107854
2021-03-22,23.73836326599121,-0.002085913497010927
2021-03-23,21.773399353027344,-0.08277588016268056
2021-03-24,21.366512298583984,-0.018687346327792675
2021-03-25,21.942110061645508,0.026939247501786667
2021-03-26,23.19253921508789,0.05698764384689303
2021-03-29,22.05126953125,-0.04920848352367724
2021-03-30,22.567323684692383,0.02340246908283694
2021-03-31,23.52995681762696,0.04265606087741536
2021-04-01,24.37350273132324,0.03584987087882596
2021-04-05,26.1796817779541,0.074104205150197
2021-04-06,25.42545509338379,-0.028809620031571392
2021-04-07,25.04833984375,-0.014832192708004732
2021-04-08,25.365909576416016,0.012678274673970202
2021-04-09,24.859783172607425,-0.01995301616462286
2021-04-12,24.581911087036133,-0.011177574785828148
2021-04-13,24.165098190307617,-0.016956081862501415
2021-04-14,24.452896118164062,0.011909652739250154
2021-04-15,23.916996002197266,-0.021915609234062106
2021-04-16,23.83760643005371,-0.0033193789109744465
2021-04-19,23.22231101989746,-0.025811962789204612
2021-04-20,22.49785614013672,-0.03119650232657767
2021-04-21,23.787982940673828,0.05734443284289181
2021-04-22,22.904741287231445,-0.03712974133389735
2021-04-23,23.639122009277344,0.032062388866853864
2021-04-26,23.72844123840332,0.003778449516480542
2021-04-27,20.900081634521484,-0.11919702501588159
2021-04-28,21.009246826171875,0.005223194509923701
2021-04-29,20.810762405395508,-0.00944747912281696
2021-04-30,20.06645965576172,-0.0357652802494548
2021-05-03,19.78858757019043,-0.013847588978731618
2021-05-04,19.53055953979492,-0.01303923433040799
2021-05-05,19.669496536254883,0.007113825703604082
2021-05-06,19.729040145874023,0.0030272055773969964
2021-05-07,20.07638168334961,0.017605597378655302
2021-05-10,19.074050903320312,-0.04992586790978282
2021-05-11,18.964887619018555,-0.005723130595334358
2021-05-12,17.922861099243164,-0.05494504057753635
2021-05-13,18.59769821166992,0.03765230945494813
2021-05-14,19.22291755676269,0.03361810359415629
2021-05-17,19.16337013244629,-0.0030977308278291593
2021-05-18,19.24276161193848,0.004142876693581599
2021-05-19,19.669496536254883,0.022176386784922286
2021-05-20,19.9175968170166,0.012613453542362985
2021-05-21,19.69927024841309,-0.010961491519749234
2021-05-24,20.245092391967773,0.02770773417856187
2021-05-25,20.384031295776367,0.0068628436521098735
2021-05-26,20.92985343933105,0.02677694787820406
2021-05-27,20.890155792236328,-0.0018966997169757027
2021-05-28,20.93977737426757,0.002375357202921702
2021-06-01,21.366512298583984,0.020379152876802697
2021-06-02,21.67416000366211,0.01439859256292908
2021-06-03,21.2573471069336,-0.01923086738577562
2021-06-04,21.92350196838379,0.031337629201759976
2021-06-07,22.072643280029297,0.006802805129426215
2021-06-08,22.569774627685547,0.022522510845180088
2021-06-09,22.98736572265625,0.018502227065150256
2021-06-10,22.94759559631348,-0.0017300862927313032
2021-06-11,23.45466995239257,0.022097058227771527
2021-06-14,23.434783935546875,-0.0008478489309829973
2021-06-15,23.50438117980957,0.0029698265814657177
2021-06-16,23.20610237121582,-0.012690349357079578
2021-06-17,23.40495491027832,0.008568976206411616
2021-06-18,22.818342208862305,-0.025063611686703346
2021-06-21,22.8481674194336,0.0013070717538679055
2021-06-22,23.0669059753418,0.009573571126853198
2021-06-23,22.94759559631348,-0.005172361614334431
2021-06-24,23.663463592529297,0.031195773570753538
2021-06-25,23.47455596923828,-0.007983092692764315
2021-06-28,23.743003845214844,0.011435695581562655
2021-06-29,23.75294685363769,0.000418776347241856
2021-06-30,23.534210205078125,-0.009208821537276646
2021-07-01,23.11662101745605,-0.017743921890013836
2021-07-02,22.9774227142334,-0.006021567906379532
2021-07-06,22.619489669799805,-0.015577597578507851
2021-07-07,22.35103416442871,-0.011868327238590104
2021-07-08,21.99310302734375,-0.016014074984261883
2021-07-09,22.649316787719727,0.029837252140369364
2021-07-12,22.967479705810547,0.014047351673906805
2021-07-13,22.748741149902344,-0.009523837996594176
2021-07-14,22.62942886352539,-0.005244786319856032
2021-07-15,22.470348358154297,-0.00702980646707807
2021-07-16,21.774364471435547,-0.03097343555273291
2021-07-19,21.22751808166504,-0.02511422964779897
2021-07-20,22.18201065063477,0.04496486896384555
2021-07-21,22.9774227142334,0.03585842943303552
2021-07-22,22.748741149902344,-0.009952446241474955
2021-07-23,22.83822631835937,0.003933631661961812
2021-07-26,22.7984561920166,-0.001741384194568485
2021-07-27,23.35524177551269,0.024422073968809466
2021-07-28,24.349506378173828,0.04257136844130627
2021-07-29,24.349506378173828,0.0
2021-07-30,24.498645782470703,0.006124945696252659
2021-08-02,25.115089416503903,0.02516235548310508
2021-08-03,25.811071395874023,0.027711706210879372
2021-08-04,26.48716926574707,0.026194103278530445
2021-08-05,26.98430252075196,0.018768832940097457
2021-08-06,27.292526245117188,0.011422334304479032
2021-08-09,27.292526245117188,0.0
2021-08-10,26.63631248474121,-0.024043716381636826
2021-08-11,26.596540451049805,-0.0014931508899436174
2021-08-12,25.999982833862305,-0.022429895282262247
2021-08-13,26.12923812866211,0.004971360774571831
2021-08-16,25.850845336914062,-0.01065445499701223
2021-08-17,24.50858688354492,-0.051923193840491044
2021-08-18,24.39922142028809,-0.0044623324786733365
2021-08-19,24.2600212097168,-0.005705108707097617
2021-08-20,24.72732734680176,0.019262396064921417
2021-08-23,25.0753173828125,0.01407309537056567
2021-08-24,25.602277755737305,0.021015102815248987
2021-08-25,25.91049766540528,0.012038769073931643
2021-08-26,25.96021270751953,0.0019187220082086398
2021-08-27,27.46155166625977,0.057832305754003555
2021-08-30,27.76977157592773,0.011223688792744158
2021-08-31,27.31241035461425,-0.0164697509326992
2021-09-01,27.64051628112793,0.012013071063801117
2021-09-02,28.06804847717285,0.015467590825603672
2021-09-03,28.297054290771484,0.008158950337601167
2021-09-07,28.13774681091309,-0.00562982557199776
2021-09-08,27.22172737121582,-0.032554825581911695
2021-09-09,27.829090118408203,0.02231169017711232
2021-09-10,27.64986801147461,-0.006440099412917677
2021-09-13,28.84467506408692,0.04321203457884404
2021-09-14,28.675411224365234,-0.0058681139359558765
2021-09-15,28.735153198242188,0.002083386822581579
2021-09-16,28.954200744628903,0.007622981679461294
2021-09-17,27.142072677612305,-0.06258601585998724
2021-09-20,25.78795623779297,-0.049889942301136636
2021-09-21,25.46934127807617,-0.01235518459775653
2021-09-22,26.49488639831543,0.04026586746167804
2021-09-23,26.85332679748535,0.01352866337229175
2021-09-24,26.923025131225582,0.0025955195148019694
2021-09-27,26.923025131225582,0.0
2021-09-28,25.66847801208496,-0.046597554064813695
2021-09-29,25.061113357543945,-0.023661888104743234
2021-09-30,24.842065811157227,-0.00874053531707042
2021-10-01,24.991418838500977,0.006012101750276777
2021-10-04,24.712629318237305,-0.011155409865492572
2021-10-05,24.941633224487305,0.009266675079409703
2021-10-06,25.09098625183105,0.005988101340417273
2021-10-07,25.548995971679688,0.018253954438128606
2021-10-08,25.051158905029297,-0.01948558241592857
2021-10-11,24.991418838500977,-0.002384722669110828
2021-10-12,22.3230094909668,-0.1067730233636559
2021-10-13,22.193574905395508,-0.005798258770783993
2021-10-14,22.303096771240234,0.0049348456168771815
2021-10-15,22.0940055847168,-0.00937498449959906
2021-10-18,22.362836837768555,0.012167610441707888
2021-10-19,22.352882385253903,-0.0004451337094155683
2021-10-20,22.970199584960938,0.027616894728273333
2021-10-21,23.0598087310791,0.0039011043759860087
2021-10-22,22.1836166381836,-0.037996503054884556
2021-10-25,22.81089210510254,0.028276519430976865
2021-10-26,22.15374565124512,-0.028808450402973196
2021-10-27,21.82517433166504,-0.014831411570422892
2021-10-28,22.044219970703125,0.010036375229327987
2021-10-29,21.82517433166504,-0.009936647308419144
2021-11-01,22.75115203857422,0.04242704744702652
2021-11-02,22.352882385253903,-0.017505471927094285
2021-11-03,22.77106475830078,0.018708207999284854
2021-11-04,23.298770904541016,0.023174416824222943
2021-11-05,23.41825294494629,0.005128255086708666
2021-11-08,23.68708610534668,0.011479642013961788
2021-11-09,23.41825294494629,-0.011349355476008016
2021-11-10,22.59184455871582,-0.03528907080187682
2021-11-11,23.00006866455078,0.018069534108823726
2021-11-12,23.199203491210938,0.008658010093990587
2021-11-15,23.28881454467773,0.003862678022577004
2021-11-16,24.03557014465332,0.032064989763347596
2021-11-17,24.34422874450684,0.012841742384138044
2021-11-18,24.72258377075196,0.015541877716314767
2021-11-19,25.15072631835937,0.017317872257103017
2021-11-22,23.10959243774414,-0.0811560610528077
2021-11-23,23.28881454467773,0.007755312319609464
2021-11-24,23.169334411621094,-0.005130365602226128
2021-11-26,22.133832931518555,-0.044692759045471764
2021-11-29,22.3230094909668,0.008546940786693158
2021-11-30,21.466732025146484,-0.038358513719524034
2021-12-01,21.94465446472168,0.022263399897821
2021-12-02,22.21348571777344,0.012250420870555834
2021-12-03,22.6914119720459,0.021515139962480445
2021-12-06,22.95085525512696,0.01143354514036754
2021-12-07,24.43766975402832,0.06478253129888145
2021-12-08,24.367820739746094,-0.0028582518294614223
2021-12-09,23.519636154174805,-0.034807568334899286
2021-12-10,23.34002113342285,-0.007636811197866744
2021-12-13,22.35213661193848,-0.04232577664935033
2021-12-14,22.21243667602539,-0.006249958934058886
2021-12-15,23.010725021362305,0.03593880117612369
2021-12-16,21.663610458374023,-0.05854289952783631
2021-12-17,22.09269142150879,0.019806530585436466
2021-12-20,21.723482131958008,-0.016711829378621146
2021-12-21,22.55171012878418,0.03812593173576628
2021-12-22,22.83111000061035,0.012389298648777691
2021-12-23,23.080575942993164,0.010926579670289538
2021-12-27,23.65933609008789,0.025075637129862383
2021-12-28,23.878868103027344,0.00927887461015553
2021-12-29,24.756986618041992,0.036773875178083504
2021-12-30,24.547435760498047,-0.008464311944622271
2021-12-31,24.737030029296875,0.007723587532671106
2021-08-20,24.8700008392334,0.0053753748844966864
2021-08-23,25.21999931335449,0.014073118709708954
2021-08-24,25.75,0.021015095205211498
2021-08-25,26.059999465942383,0.012038814211354776
2021-08-26,26.11000061035156,0.0019186932246304522
2021-08-27,27.6200008392334,0.05783225559493799
2021-08-30,27.93000030517578,0.01122373122820619
2021-08-31,27.46999931335449,-0.016469781124064276
2021-09-01,27.799999237060547,0.012013102728605896
2021-09-02,28.229999542236328,0.015467637301318504
2021-09-03,28.420000076293945,0.006730447649258675
2021-09-07,28.26000022888184,-0.00562983275800788
2021-09-08,27.34000015258789,-0.0325548502775207
2021-09-09,27.950000762939453,0.022311653509402785
2021-09-10,27.770000457763672,-0.006440082299191019
2021-08-20,24.8700008392334,-0.10442922472907334
2021-08-23,25.21999931335449,0.014073118709708954
2021-08-24,25.75,0.021015095205211498
2021-08-25,26.059999465942383,0.012038814211354776
2021-08-26,26.11000061035156,0.0019186932246304522
2021-08-27,27.6200008392334,0.05783225559493799
2021-08-30,27.93000030517578,0.01122373122820619
2021-08-31,27.46999931335449,-0.016469781124064276
2021-09-01,27.799999237060547,0.012013102728605896
2021-09-02,28.229999542236328,0.015467637301318504
2021-09-03,28.420000076293945,0.006730447649258675
2021-09-07,28.26000022888184,-0.00562983275800788
2021-09-08,27.34000015258789,-0.0325548502775207
2021-09-09,27.950000762939453,0.022311653509402785
2021-09-10,27.770000457763672,-0.006440082299191019
