,Date,Adj Close,daily_return
0,2017-01-03,15.357669830322266,
1,2017-01-04,15.569790840148926,0.013812056918156124
2,2017-01-05,15.187968254089355,-0.024523295783459464
3,2017-01-06,15.230393409729004,0.0027933397627575296
4,2017-01-09,14.933423042297363,-0.01949853555601122
5,2017-01-10,15.187968254089355,0.0170453358932523
6,2017-01-11,15.187968254089355,0.0
7,2017-01-12,14.891000747680664,-0.01955281321639135
8,2017-01-13,15.103121757507324,0.014244912979384461
9,2017-01-17,14.55160140991211,-0.03651697685089972
10,2017-01-18,14.678874015808104,0.008746295497710666
11,2017-01-19,14.594030380249023,-0.005779982542782891
12,2017-01-20,14.678874015808104,0.0058135849623763836
13,2017-01-23,14.806150436401367,0.008670720959672806
14,2017-01-24,15.060696601867676,0.017191920787222204
15,2017-01-25,15.272820472717283,0.014084598903831624
16,2017-01-26,15.315247535705566,0.002777945505486157
17,2017-01-27,15.145545959472656,-0.011080563721694525
18,2017-01-30,14.933423042297363,-0.01400563028516133
19,2017-01-31,15.060696601867676,0.008522731808361828
20,2017-02-01,14.975847244262695,-0.005633826897120997
21,2017-02-02,14.891000747680664,-0.0056655556909834814
22,2017-02-03,15.230393409729004,0.022791796723346636
23,2017-02-06,15.060696601867676,-0.011141984536849003
24,2017-02-07,15.018270492553713,-0.002817008431648671
25,2017-02-08,14.848570823669434,-0.011299548038398832
26,2017-02-09,15.145545959472656,0.020000250484028204
27,2017-02-10,15.400094985961914,0.016806857089892713
28,2017-02-13,15.52736759185791,0.008264403954132193
29,2017-02-14,15.697067260742188,0.010929068812234544
30,2017-02-15,15.781912803649902,0.005405184388800555
31,2017-02-16,15.86676025390625,0.005376246296122211
32,2017-02-17,15.86676025390625,0.0
33,2017-02-21,15.95160961151123,0.005347617046403075
34,2017-02-22,15.95160961151123,0.0
35,2017-02-23,15.994035720825195,0.0026596757535584103
36,2017-02-24,15.86676025390625,-0.007957683047639108
37,2017-02-27,15.93511199951172,0.004307857717119168
38,2017-02-28,15.678788185119627,-0.016085473035893805
39,2017-03-01,16.148727416992188,0.029972930708928702
40,2017-03-02,15.593341827392578,-0.03439191059818225
41,2017-03-03,15.74714469909668,0.009863368186665333
42,2017-03-06,15.593341827392578,-0.009767032350501248
43,2017-03-07,15.593341827392578,0.0
44,2017-03-08,15.37973690032959,-0.01369847011804437
45,2017-03-09,15.55062198638916,0.01111105392550038
46,2017-03-10,15.29429054260254,-0.01648367788831706
47,2017-03-13,15.422462463378906,0.008380377005349882
48,2017-03-14,15.37973690032959,-0.0027703463795596406
49,2017-03-15,15.29429054260254,-0.0055557749967243275
50,2017-03-16,15.465180397033691,0.011173441092617864
51,2017-03-17,15.50790309906006,0.0027625091288663306
52,2017-03-20,15.20885181427002,-0.019283798904325522
53,2017-03-21,14.311699867248535,-0.058988801914666156
54,2017-03-22,14.183536529541016,-0.008955144315233587
55,2017-03-23,14.22625732421875,0.0030119987768042478
56,2017-03-24,14.268980026245115,0.003003087955792516
57,2017-03-27,14.183536529541016,-0.0059880591707986985
58,2017-03-28,14.482586860656738,0.021084327628223765
59,2017-03-29,14.397140502929688,-0.005899937528368926
60,2017-03-30,14.952520370483398,0.038575706574558666
61,2017-03-31,14.824356079101562,-0.008571417273226745
62,2017-04-03,14.653470993041992,-0.011527319308018646
63,2017-04-04,14.568028450012209,-0.005830874000457231
64,2017-04-05,14.268980026245115,-0.02052772101545719
65,2017-04-06,14.482586860656738,0.014970014256010744
66,2017-04-07,14.397140502929688,-0.005899937528368926
67,2017-04-10,14.311699867248535,-0.005934555939338559
68,2017-04-11,14.439865112304688,0.008955277587217259
69,2017-04-12,14.268980026245115,-0.011834257780840018
70,2017-04-13,13.927206993103027,-0.023952169847701876
71,2017-04-17,14.055370330810549,0.009202371858979985
72,2017-04-18,13.969930648803713,-0.006078792660449861
73,2017-04-19,14.012649536132812,0.0030579169219253632
74,2017-04-20,14.354425430297852,0.024390526094564935
75,2017-04-21,14.397140502929688,0.0029757424175040903
76,2017-04-24,14.90980052947998,0.03560846172515797
77,2017-04-25,14.653470993041992,-0.01719201648145241
78,2017-04-26,14.696195602416992,0.00291566478654004
79,2017-04-27,14.653470993041992,-0.002907188399695282
80,2017-04-28,14.354425430297852,-0.02040783121528944
81,2017-05-01,14.610750198364258,0.017856846260483783
82,2017-05-02,14.482586860656738,-0.008771851956093757
83,2017-05-03,14.568028450012209,0.0058996082797597715
84,2017-05-04,14.696195602416992,0.008797837871100223
85,2017-05-05,14.610750198364258,-0.005814117228997828
86,2017-05-08,14.696195602416992,0.005848118877721964
87,2017-05-09,14.568028450012209,-0.008721110950898336
88,2017-05-10,14.397140502929688,-0.01173034138894602
89,2017-05-11,14.22625732421875,-0.011869244359750786
90,2017-05-12,14.09809112548828,-0.00900912979496582
91,2017-05-15,14.268980026245115,0.012121421207718086
92,2017-05-16,14.354425430297852,0.005988192841785089
93,2017-05-17,13.71359920501709,-0.04464311221598405
94,2017-05-18,13.88448429107666,0.012460994630574707
95,2017-05-19,13.799042701721191,-0.006153745977470759
96,2017-05-22,13.756319999694824,-0.0030960627450654643
97,2017-05-23,14.012649536132812,0.018633583432464018
98,2017-05-24,13.969930648803713,-0.003048594572992447
99,2017-05-25,13.927206993103027,-0.0030582582530103153
100,2017-05-26,13.756319999694824,-0.012270011746994824
101,2017-05-30,13.69602394104004,-0.004383153245644311
102,2017-05-31,13.609886169433594,-0.006289253872310718
103,2017-06-01,13.7821626663208,0.012658187933571652
104,2017-06-02,13.7821626663208,0.0
105,2017-06-05,13.82523250579834,0.0031250421664799077
106,2017-06-06,13.69602394104004,-0.009345851124319848
107,2017-06-07,13.954438209533691,0.01886783124840452
108,2017-06-08,14.514339447021484,0.040123524077469996
109,2017-06-09,15.074238777160645,0.03857559844062064
110,2017-06-12,15.117308616638184,0.002857181720034463
111,2017-06-13,15.16037940979004,0.002849104575695094
112,2017-06-14,15.117308616638184,-0.0028410102404193838
113,2017-06-15,15.074238777160645,-0.002849041490767479
114,2017-06-16,14.901960372924805,-0.01142866361496564
115,2017-06-19,14.815824508666992,-0.005780169997922635
116,2017-06-20,14.557409286499023,-0.01744183875941563
117,2017-06-21,14.385132789611816,-0.011834282700767473
118,2017-06-22,14.255925178527832,-0.008982024217203732
119,2017-06-23,14.126714706420898,-0.009063632874669492
120,2017-06-26,14.342061042785645,0.015243907790313482
121,2017-06-27,14.428202629089355,0.006006220866494161
122,2017-06-28,14.68661880493164,0.01791048978763854
123,2017-06-29,14.945032119750977,0.017595153673666708
124,2017-06-30,14.858893394470217,-0.005763702920846936
125,2017-07-03,15.289586067199709,0.02898551468777444
126,2017-07-05,15.074238777160645,-0.014084572930397554
127,2017-07-06,14.901960372924805,-0.01142866361496564
128,2017-07-07,15.074238777160645,0.011560787971819586
129,2017-07-10,14.858893394470217,-0.014285655539482578
130,2017-07-11,14.858893394470217,0.0
131,2017-07-12,14.772754669189451,-0.005797115773966133
132,2017-07-13,14.858893394470217,0.005830918282317299
133,2017-07-14,14.72968578338623,-0.00869564156992142
134,2017-07-17,14.600481033325195,-0.008771724798553815
135,2017-07-18,14.514339447021484,-0.005899914263584494
136,2017-07-19,14.557409286499023,0.002967399214738542
137,2017-07-20,14.428202629089355,-0.008875662892125824
138,2017-07-21,14.298993110656738,-0.008955344040713187
139,2017-07-24,14.428202629089355,0.009036266919823843
140,2017-07-25,14.428202629089355,0.0
141,2017-07-26,14.126714706420898,-0.020895736663734787
142,2017-07-27,14.040576934814451,-0.006097509109269095
143,2017-07-28,13.954438209533691,-0.006134984743196292
144,2017-07-31,14.040576934814451,0.006172855115149645
145,2017-08-01,14.126714706420898,0.006134916820466518
146,2017-08-02,14.083648681640623,-0.0030485520289229573
147,2017-08-03,13.954438209533691,-0.00917450264684394
148,2017-08-04,14.255925178527832,0.021605095416034947
149,2017-08-07,14.169787406921388,-0.006042243525252511
150,2017-08-08,14.298993110656738,0.00911839394797398
151,2017-08-09,14.342061042785645,0.0030119555828591604
152,2017-08-10,14.169787406921388,-0.012011776783708017
153,2017-08-11,14.040576934814451,-0.009118730464779068
154,2017-08-14,14.471272468566896,0.03067505956144223
155,2017-08-15,14.385132789611816,-0.005952460583005692
156,2017-08-16,14.36790657043457,-0.001197501575354698
157,2017-08-17,13.997506141662598,-0.025779707499919313
158,2017-08-18,13.997506141662598,0.0
159,2017-08-21,13.954438209533691,-0.003076828950316912
160,2017-08-22,13.997506141662598,0.0030863250445640755
161,2017-08-23,14.083648681640623,0.0061541348227474035
162,2017-08-24,14.126714706420898,0.003057874117267323
163,2017-08-25,14.255925178527832,0.009146533698185744
164,2017-08-28,14.21285629272461,-0.0030211217626262554
165,2017-08-29,14.126714706420898,-0.006060821592054344
166,2017-08-30,14.196178436279297,0.004917189261762767
167,2017-08-31,14.196178436279297,0.0
168,2017-09-01,14.283004760742188,0.006116175902734611
169,2017-09-05,13.848870277404783,-0.03039517878833542
170,2017-09-06,13.848870277404783,0.0
171,2017-09-07,13.501562118530272,-0.02507844697203676
172,2017-09-08,13.631803512573242,0.009646394461587438
173,2017-09-11,13.935697555541992,0.022293018138682452
174,2017-09-12,14.283004760742188,0.024922125628514147
175,2017-09-13,14.326417922973633,0.0030394978478736068
176,2017-09-14,14.196178436279297,-0.009090861888475632
177,2017-09-15,14.23958969116211,0.0030579535948824788
178,2017-09-18,14.500072479248049,0.018292857711174726
179,2017-09-19,14.673725128173828,0.011975984890717273
180,2017-09-20,14.977617263793944,0.020709951492592582
181,2017-09-21,14.890790939331056,-0.005797071919628749
182,2017-09-22,15.151269912719728,0.017492621745206938
183,2017-09-25,15.28151035308838,0.008596008197260918
184,2017-09-26,15.324925422668455,0.0028410195443344666
185,2017-09-27,15.715643882751465,0.025495619019787474
186,2017-09-28,15.88929843902588,0.011049789469014915
187,2017-09-29,15.88929843902588,0.0
188,2017-10-02,16.10636329650879,0.013661072470624092
189,2017-10-03,15.976123809814451,-0.008086213150461319
190,2017-10-04,15.845885276794434,-0.008152073342096222
191,2017-10-05,16.019540786743164,0.010959028600506127
192,2017-10-06,15.976123809814451,-0.0027102510307063232
193,2017-10-09,15.932716369628906,-0.002717019516265795
194,2017-10-10,16.019540786743164,0.005449442210605282
195,2017-10-11,16.019540786743164,0.0
196,2017-10-12,15.976123809814451,-0.0027102510307063232
197,2017-10-13,15.932716369628906,-0.002717019516265795
198,2017-10-16,16.019540786743164,0.005449442210605282
199,2017-10-17,15.976123809814451,-0.0027102510307063232
200,2017-10-18,16.062952041625977,0.005434874744660201
201,2017-10-19,16.062952041625977,0.0
202,2017-10-20,16.149776458740234,0.005405259063792078
203,2017-10-23,16.10636329650879,-0.0026881587087200787
204,2017-10-24,16.236608505249023,0.008086568416624917
205,2017-10-25,16.280017852783203,0.002673547712882751
206,2017-10-26,16.149776458740234,-0.00800007685622428
207,2017-10-27,16.236608505249023,0.0053766717285919086
208,2017-10-30,15.80246925354004,-0.026738296459425825
209,2017-10-31,15.80246925354004,0.0
210,2017-11-01,15.672231674194336,-0.008241596756565661
211,2017-11-02,15.932716369628906,0.0166207787665289
212,2017-11-03,15.80246925354004,-0.008174821735805415
213,2017-11-06,15.672231674194336,-0.008241596756565661
214,2017-11-07,15.194684982299805,-0.030470880077714257
215,2017-11-08,14.977617263793944,-0.014285766289904744
216,2017-11-09,14.80396556854248,-0.011594080165957976
217,2017-11-10,14.71713924407959,-0.005865072034981655
218,2017-11-13,14.890790939331056,0.011799283296264562
219,2017-11-14,14.673725128173828,-0.014577184787672559
220,2017-11-15,14.760552406311035,0.0059171939898545745
221,2017-11-16,14.890790939331056,0.008823418625195645
222,2017-11-17,15.021029472351074,0.008746246828032378
223,2017-11-20,15.238097190856934,0.014450921550045015
224,2017-11-21,15.238097190856934,0.0
225,2017-11-22,15.28151035308838,0.0028489884063409576
226,2017-11-24,14.890790939331056,-0.025568114978789414
227,2017-11-27,15.06444263458252,0.011661683785566979
228,2017-11-28,15.585407257080078,0.03458240275691393
229,2017-11-29,16.019540786743164,0.027855128999973333
230,2017-11-30,15.958329200744627,-0.003821057470585698
231,2017-12-01,15.958329200744627,0.0
232,2017-12-04,16.22065544128418,0.016438202097454724
233,2017-12-05,15.827163696289062,-0.024258683406443438
234,2017-12-06,15.60855770111084,-0.013812076463799894
235,2017-12-07,15.56483554840088,-0.0028011654598200098
236,2017-12-08,15.60855770111084,0.002809034028917301
237,2017-12-11,15.477395057678224,-0.008403251981653703
238,2017-12-12,15.60855770111084,0.008474465046852009
239,2017-12-13,15.477395057678224,-0.008403251981653703
240,2017-12-14,15.171340942382812,-0.019774265252961998
241,2017-12-15,15.52111530303955,0.023054940363221643
242,2017-12-18,15.783443450927734,0.01690137227682409
243,2017-12-19,15.783443450927734,0.0
244,2017-12-20,15.6522798538208,-0.008310201605545298
245,2017-12-21,15.783443450927734,0.008379839763401398
246,2017-12-22,15.60855770111084,-0.011080329229843366
247,2017-12-26,15.56483554840088,-0.0028011654598200098
248,2017-12-27,15.52111530303955,-0.0028089114867533294
249,2017-12-28,15.60855770111084,0.005633770277717387
250,2017-12-29,15.258784294128418,-0.022409079280754418
251,2018-01-02,15.21506118774414,-0.0028654383954495044
252,2018-01-03,15.302507400512695,0.005747345455238362
253,2018-01-04,15.433670997619627,0.008571379426520531
254,2018-01-05,15.389948844909668,-0.0028329068772233734
255,2018-01-08,15.477395057678224,0.005682034011274872
256,2018-01-09,15.6522798538208,0.01129936888545191
257,2018-01-10,15.739720344543455,0.005586437984707482
258,2018-01-11,16.089492797851562,0.022222278773165405
259,2018-01-12,16.089492797851562,0.0
260,2018-01-16,15.958329200744627,-0.008152127525390296
261,2018-01-17,16.089492797851562,0.008219130928870388
262,2018-01-18,15.827163696289062,-0.016304373597005428
263,2018-01-19,16.133216857910156,0.019337208327026678
264,2018-01-22,16.045772552490234,-0.005420140706597354
265,2018-01-23,15.870884895324709,-0.010899298029647286
266,2018-01-24,15.477395057678224,-0.024793188296791224
267,2018-01-25,15.302507400512695,-0.011299553737162515
268,2018-01-26,15.21506118774414,-0.005714502236778829
269,2018-01-29,15.346227645874023,0.008620830143985181
270,2018-01-30,15.21506118774414,-0.00854714664454681
271,2018-01-31,15.127618789672852,-0.005747094736741842
272,2018-02-01,15.258784294128418,0.008670598213719405
273,2018-02-02,15.346227645874023,0.005730689290840418
274,2018-02-05,14.777849197387695,-0.037037014020780634
275,2018-02-06,14.821574211120604,0.0029588212160560623
276,2018-02-07,14.952736854553224,0.008849440792477292
277,2018-02-08,14.58547592163086,-0.02456145229430229
278,2018-02-09,14.99645709991455,0.028177426673763106
279,2018-02-12,15.040181159973145,0.0029156259886771174
280,2018-02-13,15.040181159973145,0.0
281,2018-02-14,15.346227645874023,0.020348590395664168
282,2018-02-15,15.302507400512695,-0.0028489245937312058
283,2018-02-16,15.433670997619627,0.008571379426520531
284,2018-02-20,15.302507400512695,-0.008498535256269313
285,2018-02-21,15.258784294128418,-0.0028572511183894145
286,2018-02-22,15.127618789672852,-0.008596065186270319
287,2018-02-23,15.346227645874023,0.01445097600888845
288,2018-02-26,15.346227645874023,0.0
289,2018-02-27,15.171340942382812,-0.011396071238277905
290,2018-02-28,14.977517127990724,-0.012775654777529954
291,2018-03-01,15.02156925201416,0.0029412167348557006
292,2018-03-02,15.24182415008545,0.014662575818552126
293,2018-03-05,15.594240188598633,0.023121644433301558
294,2018-03-06,15.814495086669922,0.014124118610942205
295,2018-03-07,15.990699768066406,0.011141973261290294
296,2018-03-08,15.72638988494873,-0.016528975401408297
297,2018-03-09,16.034753799438477,0.0196080547885229
298,2018-03-12,15.990699768066406,-0.002747409278813673
299,2018-03-13,15.946650505065918,-0.002754680135290566
300,2018-03-14,15.72638988494873,-0.0138123438553579
301,2018-03-15,15.72638988494873,0.0
302,2018-03-16,15.72638988494873,0.0
303,2018-03-19,15.85854721069336,0.00840353868316046
304,2018-03-20,15.72638988494873,-0.008333507728596756
305,2018-03-21,15.682340621948242,-0.002800977422202089
306,2018-03-22,15.24182415008545,-0.028089969634141676
307,2018-03-23,14.713208198547363,-0.034681934808644455
308,2018-03-26,15.197773933410645,0.03293406361986517
309,2018-03-27,14.801312446594238,-0.026086813013110333
310,2018-03-28,14.933466911315918,0.00892856394988728
311,2018-03-29,14.889413833618164,-0.0029499564943202827
312,2018-04-02,14.581052780151367,-0.02071008683837916
313,2018-04-03,14.713208198547363,0.009063503190654076
314,2018-04-04,14.889413833618164,0.01197601724199071
315,2018-04-05,14.977517127990724,0.0059171768181791595
316,2018-04-06,14.625103950500488,-0.02352947918394488
317,2018-04-09,14.625103950500488,0.0
318,2018-04-10,14.889413833618164,0.01807234218725884
319,2018-04-11,14.845361709594728,-0.0029586204343364786
320,2018-04-12,15.02156925201416,0.011869535136051823
321,2018-04-13,14.845361709594728,-0.011730301905428786
322,2018-04-16,15.02156925201416,0.011869535136051823
323,2018-04-17,14.889413833618164,-0.00879771055732248
324,2018-04-18,14.713208198547363,-0.011834289585863633
325,2018-04-19,14.7572603225708,0.0029940529236707203
326,2018-04-20,14.801312446594238,0.002985115330388366
327,2018-04-23,15.594240188598633,0.05357144813106385
328,2018-04-24,15.902599334716797,0.019773912828636053
329,2018-04-25,15.638286590576172,-0.0166207258686073
330,2018-04-26,15.46208381652832,-0.01126739640096075
331,2018-04-27,15.4180326461792,-0.002848980180926941
332,2018-04-30,15.153722763061523,-0.01714290591952894
333,2018-05-01,15.329927444458008,0.011627814772090073
334,2018-05-02,15.28587532043457,-0.0028736029040609123
335,2018-05-03,15.109668731689451,-0.0115274124020599
336,2018-05-04,15.24182415008545,0.008746414017590576
337,2018-05-07,15.373981475830078,0.008670702695640742
338,2018-05-08,15.55018424987793,0.011461102273660595
339,2018-05-09,15.638286590576172,0.0056656782506570025
340,2018-05-10,15.594240188598633,-0.0028165746753919807
341,2018-05-11,15.594240188598633,0.0
342,2018-05-14,15.4180326461792,-0.011299527279839072
343,2018-05-15,15.55018424987793,0.008571236469101517
344,2018-05-16,15.638286590576172,0.0056656782506570025
345,2018-05-17,15.72638988494873,0.005633820167079584
346,2018-05-18,15.72638988494873,0.0
347,2018-05-21,15.85854721069336,0.00840353868316046
348,2018-05-22,16.034753799438477,0.01111114318380313
349,2018-05-23,15.902599334716797,-0.00824175203278188
350,2018-05-24,15.902599334716797,0.0
351,2018-05-25,15.990699768066406,0.005540002077350836
352,2018-05-29,15.72638988494873,-0.016528975401408297
353,2018-05-30,16.12285614013672,0.025210252199548755
354,2018-05-31,15.92764377593994,-0.012107802891747621
355,2018-06-01,16.131731033325195,0.012813399160367167
356,2018-06-04,16.23821258544922,0.006600751767064095
357,2018-06-05,16.37131118774414,0.008196628883538004
358,2018-06-06,16.63750648498535,0.016259864233751253
359,2018-06-07,16.63750648498535,0.0
360,2018-06-08,16.770610809326172,0.008000256796951044
361,2018-06-11,16.5931396484375,-0.010582271743494243
362,2018-06-12,16.37131118774414,-0.013368685215293108
363,2018-06-13,16.41567611694336,0.0027099191195163463
364,2018-06-14,16.41567611694336,0.0
365,2018-06-15,16.5931396484375,0.010810613600677144
366,2018-06-18,16.460041046142578,-0.008021303087595966
367,2018-06-19,16.63750648498535,0.010781591512760036
368,2018-06-20,16.90370750427246,0.016000055027918014
369,2018-06-21,16.814979553222656,-0.005249023093151561
370,2018-06-22,16.814979553222656,0.0
371,2018-06-25,16.770610809326172,-0.0026386439398304873
372,2018-06-26,16.770610809326172,0.0
373,2018-06-27,16.63750648498535,-0.007936760673427634
374,2018-06-28,16.726242065429688,0.005333466317468671
375,2018-06-29,16.50440788269043,-0.013262643328458834
376,2018-07-02,16.726242065429688,0.013440905260946323
377,2018-07-03,16.50440788269043,-0.013262643328458834
378,2018-07-05,16.814979553222656,0.018817498497352814
379,2018-07-06,16.90370750427246,0.0052767207220778545
380,2018-07-09,17.125537872314453,0.013123178331494678
381,2018-07-10,16.814979553222656,-0.01813422278513377
382,2018-07-11,16.770610809326172,-0.0026386439398304873
383,2018-07-12,16.5931396484375,-0.010582271743494243
384,2018-07-13,16.41567611694336,-0.010694994151444481
385,2018-07-16,16.63750648498535,0.013513325096188522
386,2018-07-17,16.68187141418457,0.0026665611964904468
387,2018-07-18,16.859344482421875,0.010638678588926087
388,2018-07-19,16.90370750427246,0.002631361017436884
389,2018-07-20,17.03680992126465,0.007874155238343228
390,2018-07-23,17.924142837524414,0.05208327852224448
391,2018-07-24,17.70231056213379,-0.012376172037985356
392,2018-07-25,17.125537872314453,-0.032581774440963884
393,2018-07-26,17.52484130859375,0.023316256648780564
394,2018-07-27,17.28526496887207,-0.0136706709922787
395,2018-07-30,17.258642196655273,-0.0015402004114336565
396,2018-07-31,17.258642196655273,0.0
397,2018-08-01,17.436107635498047,0.010282699926252858
398,2018-08-02,17.436107635498047,0.0
399,2018-08-03,17.214275360107422,-0.012722580063626032
400,2018-08-06,17.214275360107422,0.0
401,2018-08-07,17.258642196655273,0.0025773281546703775
402,2018-08-08,17.347373962402344,0.005141294705342858
403,2018-08-09,17.214275360107422,-0.007672550472676232
404,2018-08-10,17.169910430908203,-0.00257721735426808
405,2018-08-13,17.169910430908203,0.0
406,2018-08-14,17.39174461364746,0.012919938262457409
407,2018-08-15,17.169910430908203,-0.012755142607440484
408,2018-08-16,17.4804744720459,0.018087691394046868
409,2018-08-17,17.52484130859375,0.002538079651030145
410,2018-08-20,17.613574981689453,0.00506330822249379
411,2018-08-21,18.01287841796875,0.02267020957950905
412,2018-08-22,17.924142837524414,-0.0049262299109185115
413,2018-08-23,17.879777908325195,-0.002475149277785249
414,2018-08-24,17.83540916442871,-0.0024815041956324224
415,2018-08-27,17.70231056213379,-0.007462604365722991
416,2018-08-28,17.5692081451416,-0.0075189290417772
417,2018-08-29,17.657943725585938,0.0050506306096027576
418,2018-08-30,17.83540916442871,0.010050175807595929
419,2018-08-31,18.1301383972168,0.016524949333705408
420,2018-09-04,18.21944808959961,0.004926034783966138
421,2018-09-05,18.1301383972168,-0.004901887913596581
422,2018-09-06,18.264102935791016,0.007389052175949207
423,2018-09-07,18.35340881347656,0.004889694172196979
424,2018-09-10,18.48737907409668,0.00729947564409672
425,2018-09-11,18.48737907409668,0.0
426,2018-09-12,18.35340881347656,-0.007246579414159959
427,2018-09-13,18.04082489013672,-0.017031382372429626
428,2018-09-14,18.308757781982425,0.014851476774334849
429,2018-09-17,18.17479133605957,-0.007317069105294061
430,2018-09-18,18.1301383972168,-0.002456861155493817
431,2018-09-19,18.1301383972168,0.0
432,2018-09-20,18.35340881347656,0.012314876553509047
433,2018-09-21,18.04082489013672,-0.017031382372429626
434,2018-09-24,17.728235244750977,-0.017326793386074124
435,2018-09-25,17.638925552368164,-0.005037709120497835
436,2018-09-26,17.326337814331055,-0.01772147272287472
437,2018-09-27,17.19236946105957,-0.007732064023401208
438,2018-09-28,17.237024307250977,0.002597364272129532
439,2018-10-01,17.085195541381836,-0.008808293308797621
440,2018-10-02,17.19236946105957,0.0062729115050599304
441,2018-10-03,17.71930694580078,0.03064949749566015
442,2018-10-04,17.880064010620117,0.009072423956030251
443,2018-10-05,17.763959884643555,-0.006493496103123664
444,2018-10-08,18.04082489013672,0.015585770700400348
445,2018-10-09,18.031888961791992,-0.0004953170600093815
446,2018-10-10,17.781824111938477,-0.013867923121275938
447,2018-10-11,17.129852294921875,-0.03666506950650106
448,2018-10-12,16.71009063720703,-0.024504686350347638
449,2018-10-15,16.763675689697266,0.00320674816514277
450,2018-10-16,16.978025436401367,0.012786560100052302
451,2018-10-17,17.24595832824707,0.015781157405456936
452,2018-10-18,16.995887756347656,-0.014500242151798792
453,2018-10-19,16.745813369750977,-0.014713817258723783
454,2018-10-22,16.19208526611328,-0.033066659194824766
455,2018-10-23,15.665151596069336,-0.032542668926448304
456,2018-10-24,14.85241985321045,-0.05188151151137377
457,2018-10-25,15.263251304626465,0.02766091017331518
458,2018-10-26,15.182872772216797,-0.005266147480996075
459,2018-10-29,15.647289276123049,0.030588183861758322
460,2018-10-30,15.986671447753906,0.021689518589570467
461,2018-10-31,15.94201374053955,-0.002793433727608763
462,2018-11-01,16.156360626220703,0.013445408413874427
463,2018-11-02,16.33498764038086,0.011056141806481845
464,2018-11-05,16.442153930664062,0.006560536967795683
465,2018-11-06,16.52253532409668,0.004888738651370295
466,2018-11-07,16.71009063720703,0.011351485073650691
467,2018-11-08,16.808332443237305,0.005879190494127329
468,2018-11-09,16.57612419128418,-0.013815067778871315
469,2018-11-12,16.370704650878906,-0.012392495256115632
470,2018-11-13,16.42429542541504,0.00327357775239423
471,2018-11-14,16.004531860351562,-0.025557477760289937
472,2018-11-15,16.370704650878906,0.022879319040532087
473,2018-11-16,16.451087951660156,0.004910191863789715
474,2018-11-19,16.433225631713867,-0.0010857835055514409
475,2018-11-20,16.290328979492188,-0.008695593635975496
476,2018-11-21,16.24567413330078,-0.0027411875013464426
477,2018-11-23,16.3796443939209,0.00824651901305229
478,2018-11-26,16.620779037475586,0.01472160431298386
479,2018-11-27,16.52253532409668,-0.0059108970257887306
480,2018-11-28,16.78154182434082,0.015675953790602826
481,2018-11-29,16.736886978149414,-0.0026609501474195163
482,2018-11-30,16.844806671142578,0.0064480146836181085
483,2018-12-03,16.66493797302246,-0.010677991242740492
484,2018-12-04,15.65766716003418,-0.0604425179750967
485,2018-12-06,15.792569160461426,0.008615715166789384
486,2018-12-07,15.68464469909668,-0.006833876126687954
487,2018-12-10,15.306921005249023,-0.024082387653282966
488,2018-12-11,15.082080841064451,-0.014688791044748295
489,2018-12-12,15.405844688415527,0.021466789016907573
490,2018-12-13,15.100068092346191,-0.019848090270523477
491,2018-12-14,14.650396347045898,-0.029779451493216702
492,2018-12-17,14.524483680725098,-0.008594488731780259
493,2018-12-18,14.182731628417969,-0.023529377003648988
494,2018-12-19,13.499228477478027,-0.04819263092946102
495,2018-12-20,13.490234375,-0.0006662678902747965
496,2018-12-21,13.256403923034668,-0.017333312785036914
497,2018-12-24,13.031566619873049,-0.016960655730392737
498,2018-12-26,13.688091278076172,0.050379565047991015
499,2018-12-27,13.661109924316406,-0.0019711553065825393
500,2018-12-28,13.679097175598145,0.00131667568604521
501,2018-12-31,13.849973678588867,0.012491796848665304
502,2019-01-02,13.975882530212402,0.009090909090909038
503,2019-01-03,13.921919822692873,-0.0038611305871293355
504,2019-01-04,14.326627731323242,0.029069834748702617
505,2019-01-07,14.416563987731934,0.006277559387688925
506,2019-01-08,14.416563987731934,0.0
507,2019-01-09,14.461529731750488,0.0031190333602943987
508,2019-01-10,14.34461498260498,-0.008084535406293836
509,2019-01-11,14.389583587646484,0.0031348771016883603
510,2019-01-14,14.425556182861328,0.002499905226286403
511,2019-01-15,14.488513946533203,0.004364321408048877
512,2019-01-16,14.677374839782717,0.013035214925869232
513,2019-01-17,14.866239547729492,0.012867744403097348
514,2019-01-18,15.064095497131348,0.01330907851757801
515,2019-01-22,14.281661987304688,-0.05194029140187395
516,2019-01-23,14.506497383117676,0.015742943364214224
517,2019-01-24,14.479516983032228,-0.0018598838419014996
518,2019-01-25,14.938186645507812,0.031677138333624955
519,2019-01-28,14.88422393798828,-0.0036124001393275096
520,2019-01-29,14.686366081237791,-0.013293125498166192
521,2019-01-30,14.542471885681152,-0.009797808032340094
522,2019-01-31,14.515491485595703,-0.0018552829462241682
523,2019-02-01,14.713349342346191,0.01363080657288318
524,2019-02-04,14.90221118927002,0.012836087999370083
525,2019-02-05,14.749321937561035,-0.01025950107451623
526,2019-02-06,14.965166091918944,0.014634174728279215
527,2019-02-07,15.100068092346191,0.009014400481668794
528,2019-02-08,14.992146492004396,-0.007147093621153733
529,2019-02-11,15.18100929260254,0.01259744898429771
530,2019-02-12,15.315914154052734,0.008886422427521357
531,2019-02-13,15.531757354736328,0.014092740303488727
532,2019-02-14,15.387858390808104,-0.00926482178684973
533,2019-02-15,15.80156135559082,0.02688502547111038
534,2019-02-19,15.774580955505373,-0.0017074515282567981
535,2019-02-20,16.098346710205078,0.020524523320964105
536,2019-02-21,16.017404556274414,-0.005027979294255913
537,2019-02-22,16.089353561401367,0.004491926571135396
538,2019-02-25,15.98142910003662,-0.006707818369015128
539,2019-02-26,15.909483909606934,-0.00450179955618113
540,2019-02-27,16.035390853881836,0.007913955285430374
541,2019-02-28,16.107864379882812,0.004519598347266562
542,2019-03-01,16.062570571899414,-0.0028119064647680325
543,2019-03-04,15.981035232543944,-0.005076107774312999
544,2019-03-05,15.827020645141602,-0.009637334826013366
545,2019-03-06,15.364985466003418,-0.02919280826742421
546,2019-03-07,15.183794975280762,-0.011792428383584075
547,2019-03-08,15.328747749328612,0.009546544476122909
548,2019-03-11,15.518997192382812,0.012411284089565155
549,2019-03-12,15.410283088684082,-0.00700522735786635
550,2019-03-13,15.564295768737791,0.009994149956064291
551,2019-03-14,15.446521759033203,-0.007566934698140848
552,2019-03-15,15.464639663696287,0.0011729439770147287
553,2019-03-18,15.618651390075684,0.0099589599065113
554,2019-03-19,15.17473602294922,-0.028422131721854926
555,2019-03-20,14.80329418182373,-0.024477647621925502
556,2019-03-21,14.794233322143556,-0.0006120840110912518
557,2019-03-22,14.259721755981444,-0.03612972396224634
558,2019-03-25,14.386554718017578,0.008894490664443255
559,2019-03-26,14.7579984664917,0.02581881178326384
560,2019-03-27,14.785173416137695,0.001841370949299037
561,2019-03-28,14.993542671203612,0.014093122156990434
562,2019-03-29,14.857648849487305,-0.009063489843351258
563,2019-04-01,15.283452033996582,0.02865885368693255
564,2019-04-02,15.201913833618164,-0.005335064368772402
565,2019-04-03,15.093199729919434,-0.007151343238001706
566,2019-04-04,15.31968879699707,0.015006033917954742
567,2019-04-05,15.383106231689451,0.004139603325676644
568,2019-04-08,15.392162322998049,0.0005887036839113957
569,2019-04-09,15.138495445251465,-0.016480262644292032
570,2019-04-10,15.392162322998049,0.01675641272700923
571,2019-04-11,15.328747749328612,-0.004119926254590456
572,2019-04-12,15.54617404937744,0.014184218019919648
573,2019-04-15,15.374042510986328,-0.011072276551413296
574,2019-04-16,15.464639663696287,0.005892864719556856
575,2019-04-17,15.528057098388672,0.004100802609792398
576,2019-04-18,15.283452033996582,-0.01575245781505219
577,2019-04-22,15.002603530883787,-0.0183759861638636
578,2019-04-23,15.374042510986328,0.024758301406679895
579,2019-04-24,15.364985466003418,-0.0005891127838653087
580,2019-04-25,15.247211456298828,-0.007665090862934876
581,2019-04-26,15.419343948364258,0.011289440863254896
582,2019-04-29,15.564295768737791,0.00940064770971727
583,2019-04-30,15.473702430725098,-0.005820587025508583
584,2019-05-01,15.183794975280762,-0.0187354937670694
585,2019-05-02,15.337807655334473,0.010143227059140614
586,2019-05-03,15.682068824768066,0.022445265788286317
587,2019-05-06,15.700186729431152,0.0011553261795709258
588,2019-05-07,15.455577850341797,-0.015579998079310653
589,2019-05-08,15.301568031311035,-0.0099646755703382
590,2019-05-09,15.29250717163086,-0.0005921523638384718
591,2019-05-10,15.383106231689451,0.005924408538232617
592,2019-05-13,14.739877700805664,-0.041813956244982964
593,2019-05-14,15.075078010559082,0.02274105094746459
594,2019-05-15,15.002603530883787,-0.004807569129959499
595,2019-05-16,15.247211456298828,0.016304365099797602
596,2019-05-17,15.17473602294922,-0.004753356609327186
597,2019-05-20,15.21097183227539,0.0023879037679053194
598,2019-05-21,15.17473602294922,-0.0023822152670931462
599,2019-05-22,15.075078010559082,-0.006567363823622552
600,2019-05-23,14.767054557800291,-0.020432627449293528
601,2019-05-24,15.04790210723877,0.019018521827707913
602,2019-05-28,14.902949333190918,-0.009632756314790325
603,2019-05-29,14.957305908203123,0.0036473703155619486
604,2019-05-30,14.70363998413086,-0.016959332491364276
605,2019-05-31,14.557515144348145,-0.009938004462869188
606,2019-06-03,14.749300956726074,0.01317435087487362
607,2019-06-04,15.132874488830566,0.026006217733971493
608,2019-06-05,15.023283004760742,-0.007241947598964904
609,2019-06-06,14.941089630126951,-0.005471066118354018
610,2019-06-07,14.895421981811523,-0.003056513912033876
611,2019-06-10,15.032415390014648,0.00919701424843189
612,2019-06-11,15.151142120361328,0.007898047470504599
613,2019-06-12,15.050681114196776,-0.006630589652350083
614,2019-06-13,15.050681114196776,0.0
615,2019-06-14,15.078078269958496,0.0018203266386314088
616,2019-06-17,14.895421981811523,-0.012114029710994179
617,2019-06-18,15.196803092956545,0.02023313683311767
618,2019-06-19,15.041545867919922,-0.0102164398713952
619,2019-06-20,15.078078269958496,0.002428766455214504
620,2019-06-21,15.050681114196776,-0.0018170190704147604
621,2019-06-24,14.804096221923828,-0.016383636753844466
622,2019-06-25,14.831496238708496,0.001850840225159578
623,2019-06-26,14.913689613342283,0.005541812728190765
624,2019-06-27,15.078078269958496,0.011022668493056553
625,2019-06-28,15.151142120361328,0.004845700433085298
626,2019-07-01,15.333792686462402,0.012055234163212969
627,2019-07-02,15.196803092956545,-0.008933836286100338
628,2019-07-03,15.352059364318848,0.010216377116464725
629,2019-07-05,15.434252738952637,0.005353898958000647
630,2019-07-08,15.224202156066896,-0.013609378208225054
631,2019-07-09,15.31552791595459,0.005998722228691689
632,2019-07-10,15.215070724487305,-0.006559172626536491
633,2019-07-11,15.288128852844238,0.004801694956261482
634,2019-07-12,15.461651802062988,0.011350175740209467
635,2019-07-15,15.068946838378906,-0.02539864231269806
636,2019-07-16,15.178539276123049,0.007272733716534363
637,2019-07-17,15.059812545776367,-0.007822012921457344
638,2019-07-18,15.278998374938965,0.014554353083503058
639,2019-07-19,15.324661254882812,0.002988604280418361
640,2019-07-22,15.653437614440918,0.02145407027860724
641,2019-07-23,15.817826271057127,0.010501760741969735
642,2019-07-24,16.119205474853516,0.019053136545559513
643,2019-07-25,16.064411163330078,-0.0033993183850729025
644,2019-07-26,16.155736923217773,0.0056849740061535314
645,2019-07-29,15.982215881347656,-0.010740521629858057
646,2019-07-30,16.110074996948242,0.008000086880931567
647,2019-07-31,16.08267593383789,-0.0017007408789556644
648,2019-08-01,15.763031959533691,-0.01987504912858873
649,2019-08-02,15.644306182861328,-0.007531912450418954
650,2019-08-05,15.224202156066896,-0.026853477673216664
651,2019-08-06,15.397723197937012,0.011397710046891829
652,2019-08-07,15.25160026550293,-0.009489905134394183
653,2019-08-08,15.507317543029783,0.016766586658139238
654,2019-08-09,15.434252738952637,-0.004711633967280693
655,2019-08-12,15.196803092956545,-0.015384589718219543
656,2019-08-13,15.452519416809082,0.01682698145711048
657,2019-08-14,15.20593547821045,-0.015957523297489007
658,2019-08-15,15.132874488830566,-0.004804767814816535
659,2019-08-16,15.507317543029783,0.0247436833283452
660,2019-08-19,15.626039505004885,0.007655867086339807
661,2019-08-20,15.489048957824709,-0.008766811778269101
662,2019-08-21,15.516448974609377,0.001768992845156303
663,2019-08-22,15.507317543029783,-0.0005885000875223145
664,2019-08-23,14.995884895324709,-0.03298008480744319
665,2019-08-26,15.233335494995115,0.01583438398786563
666,2019-08-27,15.005017280578612,-0.014988064465035755
667,2019-08-28,15.242469787597656,0.015824873945755824
668,2019-08-29,15.470784187316896,0.014978832361210337
669,2019-08-30,15.461580276489258,-0.0005949220618812756
670,2019-09-03,15.038228034973145,-0.027380916694515256
671,2019-09-04,15.286718368530272,0.016523910462006075
672,2019-09-05,15.507598876953123,0.014449177586574935
673,2019-09-06,15.433972358703612,-0.004747770356565817
674,2019-09-09,15.756091117858888,0.020870761698210893
675,2019-09-10,15.92175006866455,0.010513962477526784
676,2019-09-11,16.151830673217773,0.014450710729723149
677,2019-09-12,16.35430145263672,0.01253546941614947
678,2019-09-13,16.565980911254883,0.01294335066717478
679,2019-09-16,16.611997604370117,0.0027777825751309493
680,2019-09-17,16.483152389526367,-0.007756154191224662
681,2019-09-18,16.483152389526367,0.0
682,2019-09-19,16.381914138793945,-0.006141922876157446
683,2019-09-20,16.216259002685547,-0.01011207449293794
684,2019-09-23,16.151830673217773,-0.00397306983423884
685,2019-09-24,15.930951118469238,-0.013675202471927106
686,2019-09-25,16.26226806640625,0.020797060104773335
687,2019-09-26,16.059797286987305,-0.012450340788392134
688,2019-09-27,16.022987365722656,-0.0022920539161770392
689,2019-09-30,15.829715728759766,-0.012062147497934661
690,2019-10-01,15.673259735107422,-0.009883689406253282
691,2019-10-02,15.627242088317873,-0.002936061008832258
692,2019-10-03,15.627242088317873,0.0
693,2019-10-04,15.737682342529297,0.007067162176618735
694,2019-10-07,15.728479385375977,-0.0005847720746307017
695,2019-10-08,15.295921325683594,-0.02750158162743732
696,2019-10-09,15.286718368530272,-0.0006016608583014893
697,2019-10-10,15.332736015319824,0.0030103025175296505
698,2019-10-11,15.4891939163208,0.010204173661155558
699,2019-10-14,15.470784187316896,-0.001188553071474363
700,2019-10-15,15.645649909973145,0.011302964383641534
701,2019-10-16,15.618036270141602,-0.001764940414136551
702,2019-10-17,15.728479385375977,0.007071510996905506
703,2019-10-18,15.829715728759766,0.006436499098438908
704,2019-10-21,16.621200561523438,0.04999993975417283
705,2019-10-22,16.464746475219727,-0.009412923315893829
706,2019-10-23,16.685625076293945,0.01341524458980592
707,2019-10-24,16.593591690063477,-0.005515729006833836
708,2019-10-25,16.685625076293945,0.005546321010512667
709,2019-10-28,16.704030990600586,0.0011031000770111987
710,2019-10-29,16.80526351928711,0.006060365234205278
711,2019-10-30,16.704030990600586,-0.006023858451867814
712,2019-10-31,16.565980911254883,-0.008264476965074152
713,2019-11-01,16.82367515563965,0.015555628475322436
714,2019-11-04,16.915706634521484,0.0054703552006580836
715,2019-11-05,16.96172332763672,0.0027203529896482337
716,2019-11-06,16.96172332763672,0.0
717,2019-11-07,16.96172332763672,0.0
718,2019-11-08,16.989330291748047,0.0016276037274081112
719,2019-11-11,16.906505584716797,-0.004875101349432143
720,2019-11-12,16.96172332763672,0.0032660648082023513
721,2019-11-13,16.934112548828125,-0.0016278286277435772
722,2019-11-14,16.934112548828125,0.0
723,2019-11-15,16.7868595123291,-0.008695645317959855
724,2019-11-18,16.676420211791992,-0.006578913730468594
725,2019-11-19,16.897300720214844,0.013245079316642983
726,2019-11-20,16.768451690673828,-0.007625420868959787
727,2019-11-21,16.676420211791992,-0.005488370696325018
728,2019-11-22,16.676420211791992,0.0
729,2019-11-25,16.7868595123291,0.0066224824713290165
730,2019-11-26,16.759248733520508,-0.001644785243381297
731,2019-11-27,16.768451690673828,0.000549127070052613
732,2019-11-29,16.759183883666992,-0.0005526930677798303
733,2019-12-02,16.55525779724121,-0.012168020104160404
734,2019-12-03,16.42548179626465,-0.007838959837773607
735,2019-12-04,16.620141983032227,0.011851109707591512
736,2019-12-05,16.67576026916504,0.0033464386880446284
737,2019-12-06,16.740644454956055,0.003890928194200116
738,2019-12-09,16.759183883666992,0.0011074501200249998
739,2019-12-10,16.814802169799805,0.0033186750929450337
740,2019-12-11,16.749914169311523,-0.0038589809046236656
741,2019-12-12,17.03726577758789,0.017155407805183875
742,2019-12-13,16.916767120361328,-0.007072652314027761
743,2019-12-16,17.102153778076172,0.010958752130110438
744,2019-12-17,17.28754234313965,0.01084007122548103
745,2019-12-18,17.148502349853516,-0.008042785407337494
746,2019-12-19,17.120697021484375,-0.0016214435407753136
747,2019-12-20,17.269004821777344,0.008662486118810486
748,2019-12-23,17.05580711364746,-0.01234568583020057
749,2019-12-24,17.120697021484375,0.003804563888682333
750,2019-12-26,17.120697021484375,0.0
751,2019-12-27,16.92603302001953,-0.01137009791251864
752,2019-12-30,16.972381591796875,0.0027383009192127883
753,2019-12-31,16.95384407043457,-0.0010922168619673656
754,2020-01-02,16.990921020507812,0.002186934710453059
755,2020-01-03,16.90749740600586,-0.004909893607371929
756,2020-01-06,16.870420455932617,-0.002192929514220787
757,2020-01-07,16.768451690673828,-0.006044233783333519
758,2020-01-08,16.935304641723633,0.00995040890642307
759,2020-01-09,16.90749740600586,-0.0016419684384811895
760,2020-01-10,16.805530548095703,-0.006030866393859968
761,2020-01-13,16.92603302001953,0.007170405693468718
762,2020-01-14,16.981651306152344,0.003285961103055124
763,2020-01-15,16.814802169799805,-0.009825259825709143
764,2020-01-16,17.03726577758789,0.013230224509429123
765,2020-01-17,17.129962921142578,0.005440846246387077
766,2020-01-21,16.53671646118164,-0.03463209247398458
767,2020-01-22,16.703569412231445,0.01008984773013899
768,2020-01-23,16.842609405517578,0.008323968958653838
769,2020-01-24,16.842609405517578,0.0
770,2020-01-27,16.740644454956055,-0.00605398772283583
771,2020-01-28,16.78699493408203,0.0027687392352602203
772,2020-01-29,16.685028076171875,-0.00607415790083643
773,2020-01-30,16.870420455932617,0.011111301636075988
774,2020-01-31,16.601604461669922,-0.015934160915839213
775,2020-02-03,16.67576026916504,0.004466785584871014
776,2020-02-04,16.703569412231445,0.0016676386933811571
777,2020-02-05,17.083614349365234,0.022752318846024355
778,2020-02-06,16.92603302001953,-0.009224121203108226
779,2020-02-07,16.842609405517578,-0.004928716280021561
780,2020-02-10,16.814802169799805,-0.001651005200456912
781,2020-02-11,16.870420455932617,0.0033076979182489197
782,2020-02-12,16.89822769165039,0.0016482835025013465
783,2020-02-13,17.06507682800293,0.009873765426594572
784,2020-02-14,16.95384407043457,-0.006518151584634646
785,2020-02-18,16.768451690673828,-0.010935123561979898
786,2020-02-19,16.768451690673828,0.0
787,2020-02-20,16.879684448242188,0.006633454275937867
788,2020-02-21,16.77772331237793,-0.006040464570110871
789,2020-02-24,16.44402503967285,-0.019889365588648622
790,2020-02-25,16.017627716064453,-0.025930228309654857
791,2020-02-26,15.989822387695312,-0.0017359205034621628
792,2020-02-27,15.498534202575684,-0.03072505580160112
793,2020-02-28,14.73202419281006,-0.04945693571707177
794,2020-03-02,15.60136604309082,0.059010346365371946
795,2020-03-03,15.348973274230955,-0.016177607022536233
796,2020-03-04,15.732233047485352,0.024969733571550412
797,2020-03-05,15.180713653564451,-0.035056650397704
798,2020-03-06,14.703980445861816,-0.03140387326854677
799,2020-03-09,12.965303421020508,-0.11824533032010587
800,2020-03-10,13.64768886566162,0.052631660245973766
801,2020-03-11,12.94660758972168,-0.051369963283959486
802,2020-03-12,12.385743141174316,-0.043321344580848686
803,2020-03-13,14.002899169921877,0.13056592651042442
804,2020-03-16,13.12421417236328,-0.06275021957210158
805,2020-03-17,14.12442111968994,0.07621080654359313
806,2020-03-18,13.170952796936035,-0.0675049486753645
807,2020-03-19,13.208344459533691,0.0028389489488076514
808,2020-03-20,12.385743141174316,-0.062278911704610085
809,2020-03-23,11.366841316223145,-0.08226408487061265
810,2020-03-24,12.226831436157228,0.07565779234611791
811,2020-03-25,11.385536193847656,-0.06880729866134339
812,2020-03-26,12.23617935180664,0.07471261286918063
813,2020-03-27,12.170746803283691,-0.005347465629725989
814,2020-03-30,12.535306930541992,0.029953800958207655
815,2020-03-31,12.329657554626465,-0.016405611530298292
816,2020-04-01,11.731402397155762,-0.04852163612980631
817,2020-04-02,12.0211820602417,0.02470119541344795
818,2020-04-03,11.581839561462402,-0.03654736252871149
819,2020-04-06,12.067920684814451,0.04196925028813592
820,2020-04-07,12.180093765258787,0.009295145648867909
821,2020-04-08,12.731608390808104,0.04527999834635077
822,2020-04-09,13.638339042663574,0.07121886127993915
823,2020-04-13,12.853129386901855,-0.057573701116053755
824,2020-04-14,12.656826972961426,-0.015272733046667542
825,2020-04-15,12.049224853515623,-0.04800588020550589
826,2020-04-16,11.750096321105955,-0.02482554156356298
827,2020-04-17,12.525959968566896,0.06603040743311239
828,2020-04-20,12.497916221618652,-0.0022388501175653053
829,2020-04-21,12.395092010498049,-0.0082273084006389
830,2020-04-22,12.264220237731934,-0.010558354278876858
831,2020-04-23,12.292266845703123,0.002286864344208439
832,2020-04-24,12.413785934448242,0.009885816039504336
833,2020-04-27,13.058780670166016,0.051957939272008424
834,2020-04-28,13.32986545562744,0.020758812963352913
835,2020-04-29,13.731816291809082,0.030154155532901683
836,2020-04-30,13.245734214782717,-0.035398236234511105
837,2020-05-01,12.628783226013184,-0.046577334164005335
838,2020-05-04,12.423134803771973,-0.016284104221348072
839,2020-05-05,12.254875183105469,-0.013544054968751995
840,2020-05-06,11.787487983703612,-0.0381388788068765
841,2020-05-07,11.740751266479492,-0.003964942936844018
842,2020-05-08,12.610088348388672,0.07404441693532737
843,2020-05-11,12.09596347808838,-0.04077091738742544
844,2020-05-12,11.525751113891602,-0.04714071477065129
845,2020-05-13,10.946192741394045,-0.050283783396904536
846,2020-05-14,11.282710075378418,0.030742865755670534
847,2020-05-15,11.207928657531738,-0.0066279659183896555
848,2020-05-18,12.05857276916504,0.07589663867655583
849,2020-05-19,11.404231071472168,-0.0542636106460368
850,2020-05-20,12.226831436157228,0.07213115549217575
851,2020-05-21,12.254875183105469,0.002293623421135038
852,2020-05-22,12.18943977355957,-0.005339541086155419
853,2020-05-26,12.927911758422852,0.06058293068276366
854,2020-05-27,13.769207000732422,0.065075880624065
855,2020-05-28,13.133562088012695,-0.046164235361260464
856,2020-05-29,12.831424713134766,-0.023004983176171057
857,2020-06-01,12.85030746459961,0.0014716020930640727
858,2020-06-02,12.859748840332031,0.0007347198312905867
859,2020-06-03,13.511234283447266,0.05066082170065256
860,2020-06-04,13.851140022277832,0.025157267774343017
861,2020-06-05,14.719786643981934,0.06271300559426818
862,2020-06-08,14.95583152770996,0.01603589029087793
863,2020-06-09,14.549833297729492,-0.027146483244896102
864,2020-06-10,13.690628051757812,-0.059052583516936874
865,2020-06-11,12.680355072021484,-0.07379303388544067
866,2020-06-12,13.067469596862791,0.03052868177922341
867,2020-06-15,12.935283660888672,-0.010115649016382955
868,2020-06-16,13.454584121704102,0.040146043521688934
869,2020-06-17,12.991934776306152,-0.034386001173505765
870,2020-06-18,13.058027267456056,0.005087193885120023
871,2020-06-19,13.00137710571289,-0.004338339979144679
872,2020-06-22,13.076910972595217,0.005809682025847529
873,2020-06-23,12.888073921203612,-0.014440493767017615
874,2020-06-24,12.43486785888672,-0.03516476279448333
875,2020-06-25,12.699237823486328,0.021260375872082404
876,2020-06-26,12.142171859741213,-0.04386609428755339
877,2020-06-29,12.765332221984863,0.051321985015696514
878,2020-06-30,12.991934776306152,0.017751402813553696
879,2020-07-01,12.44430923461914,-0.04215119234478726
880,2020-07-02,12.40654182434082,-0.003034914157650004
881,2020-07-06,12.359333992004396,-0.0038050758224830172
882,2020-07-07,12.12328815460205,-0.019098588771454095
883,2020-07-08,12.06663703918457,-0.0046729166786302345
884,2020-07-09,11.717289924621582,-0.028951489419010157
885,2020-07-10,12.113845825195312,0.033843653534632256
886,2020-07-13,12.274356842041016,0.013250211300515291
887,2020-07-14,12.113845825195312,-0.013076939094351148
888,2020-07-15,12.78421401977539,0.055339006641953015
889,2020-07-16,12.821981430053713,0.0029542223104135346
890,2020-07-17,12.453750610351562,-0.028718714163713077
891,2020-07-20,13.33184051513672,0.07050806879457583
892,2020-07-21,13.803930282592772,0.035410697189187657
893,2020-07-22,13.407374382019045,-0.02872775307144204
894,2020-07-23,13.577326774597168,0.012676038405107226
895,2020-07-24,13.426257133483888,-0.011126611565092981
896,2020-07-27,13.058027267456056,-0.027426099646900126
897,2020-07-28,13.199654579162598,0.010845996014996251
898,2020-07-29,13.492350578308104,0.022174519597472298
899,2020-07-30,13.34128189086914,-0.011196617413858134
900,2020-07-31,13.209095001220703,-0.009908110084901778
901,2020-08-03,13.095794677734377,-0.008577447847551656
902,2020-08-04,13.048584938049316,-0.0036049541739782143
903,2020-08-05,13.473467826843262,0.032561606550530975
904,2020-08-06,13.46402645111084,-0.0007007383588070182
905,2020-08-07,14.011649131774902,0.04067302471905654
906,2020-08-10,14.20048713684082,0.013477214801052906
907,2020-08-11,14.370440483093262,0.011968134938943331
908,2020-08-12,14.228812217712402,-0.009855527083354465
909,2020-08-13,13.936115264892578,-0.02057072286437711
910,2020-08-14,14.10606861114502,0.012195173692383543
911,2020-08-17,13.964442253112791,-0.010040101316417194
912,2020-08-18,13.511234283447266,-0.032454426854355845
913,2020-08-19,13.558443069458008,0.0034940394800626606
914,2020-08-20,13.388490676879885,-0.012534801503939708
915,2020-08-21,13.397932052612305,0.0007051859660869297
916,2020-08-24,13.841696739196776,0.033121879170744606
917,2020-08-25,13.851140022277832,0.0006822345019534826
918,2020-08-26,13.473467826843262,-0.027266506210112063
919,2020-08-27,13.709512710571287,0.01751923756835283
920,2020-08-28,13.567885398864746,-0.010330586848454004
921,2020-08-31,13.329517364501951,-0.01756854715051903
922,2020-09-01,13.291377067565918,-0.0028613411793592114
923,2020-09-02,13.319982528686523,0.0021521818977214835
924,2020-09-03,13.348586082458496,0.0021474167635258112
925,2020-09-04,13.65369701385498,0.02285717225118189
926,2020-09-08,12.929059982299805,-0.05307258765298928
927,2020-09-09,12.75743579864502,-0.013274297117481293
928,2020-09-10,12.63348388671875,-0.009716052181852564
929,2020-09-11,12.49999713897705,-0.010566107412542824
930,2020-09-14,12.776504516601562,0.022120595272963506
931,2020-09-15,12.862317085266112,0.0067164355127840025
932,2020-09-16,12.824177742004396,-0.002965200049795391
933,2020-09-17,12.824177742004396,0.0
934,2020-09-18,12.814642906188965,-0.0007435046524816302
935,2020-09-21,12.05186653137207,-0.05952381040976984
936,2020-09-22,11.68954849243164,-0.030063230288626563
937,2020-09-23,11.556060791015623,-0.011419406104730578
938,2020-09-24,11.746755599975586,0.01650171389788979
939,2020-09-25,11.81350040435791,0.005681977786484493
940,2020-09-28,12.08047103881836,0.02259877473419869
941,2020-09-29,11.880242347717283,-0.016574576476171998
942,2020-09-30,11.975589752197266,0.00802571207634517
943,2020-10-01,12.004194259643556,0.0023885677480761647
944,2020-10-02,12.318838119506836,0.026211160287622937
945,2020-10-05,12.70022678375244,0.03095979186881892
946,2020-10-06,12.747900009155272,0.0037537302454961896
947,2020-10-07,12.976733207702637,0.017950658412995146
948,2020-10-08,13.253238677978516,0.02130778724122595
949,2020-10-09,13.0720796585083,-0.01366903772518846
950,2020-10-12,13.358120918273926,0.021881847972020863
951,2020-10-13,12.986268043518066,-0.02783721430812658
952,2020-10-14,12.738365173339844,-0.019089615996487952
953,2020-10-15,13.119754791259766,0.02994023273238655
954,2020-10-16,13.119754791259766,0.0
955,2020-10-19,13.463003158569336,0.02616271209110077
956,2020-10-20,13.577418327331545,0.008498487849598613
957,2020-10-21,13.424863815307615,-0.011235899811441685
958,2020-10-22,13.825321197509766,0.02982953031862645
959,2020-10-23,14.0446195602417,0.01586208085866625
960,2020-10-26,13.815787315368652,-0.016293232001871938
961,2020-10-27,13.348586082458496,-0.03381647547443367
962,2020-10-28,13.033941268920898,-0.023571396370666964
963,2020-10-29,13.28184413909912,0.019019793404266627
964,2020-10-30,13.329517364501951,0.003589352871751661
965,2020-11-02,13.65369701385498,0.0243204341528791
966,2020-11-03,13.977876663208008,0.023742994225232072
967,2020-11-04,13.05300998687744,-0.06616646423594252
968,2020-11-05,13.586954116821287,0.04090582405748844
969,2020-11-06,13.329517364501951,-0.0189473483244208
970,2020-11-09,14.902743339538574,0.11802572681485879
971,2020-11-10,15.570172309875488,0.04478564483937353
972,2020-11-11,15.25552749633789,-0.020208178000575616
973,2020-11-12,15.064834594726562,-0.01249992185829718
974,2020-11-13,15.398547172546388,0.022151758502323204
975,2020-11-16,15.970629692077637,0.03715172042666448
976,2020-11-17,15.85621166229248,-0.007164277927119822
977,2020-11-18,15.570172309875488,-0.01803957707610704
978,2020-11-19,15.51296615600586,-0.003674086113571451
979,2020-11-20,15.493896484375,-0.001229273076411408
980,2020-11-23,15.532034873962402,0.0024615105455148
981,2020-11-24,16.266206741333008,0.047268234544165066
982,2020-11-25,16.00876808166504,-0.01582659459342839
983,2020-11-27,15.74179744720459,-0.016676525832503786
984,2020-11-30,15.222519874572754,-0.032987184238229994
985,2020-12-01,15.318682670593262,0.006317140448023784
986,2020-12-02,15.559089660644531,0.015693711738854033
987,2020-12-03,15.616786003112791,0.0037082081102854936
988,2020-12-04,15.934121131896973,0.020320130449436258
989,2020-12-07,15.828344345092772,-0.006638382244531615
990,2020-12-08,15.85719108581543,0.001822473664568891
991,2020-12-09,15.895660400390623,0.002425985432540134
992,2020-12-10,15.886041641235352,-0.0006051185614808219
993,2020-12-11,15.828344345092772,-0.003631949194493833
994,2020-12-14,15.886041641235352,0.0036451883333248336
995,2020-12-15,16.097599029541016,0.013317187067955594
996,2020-12-16,15.886041641235352,-0.013142170327228975
997,2020-12-17,15.924504280090332,0.002421159387820282
998,2020-12-18,15.597552299499512,-0.02053137572386432
999,2020-12-21,15.482158660888672,-0.007398188920613058
1000,2020-12-22,15.309066772460938,-0.011180087494194413
1001,2020-12-23,15.85719108581543,0.03580390114572474
1002,2020-12-24,15.924504280090332,0.0042449633046999224
1003,2020-12-28,15.962973594665527,0.0024157307441772247
1004,2020-12-29,15.761032104492188,-0.01265061856901295
1005,2020-12-30,15.866809844970703,0.006711346044931066
1006,2020-12-31,15.924504280090332,0.0036361710818584303
1007,2021-01-04,15.924504280090332,0.0
1008,2021-01-05,16.155296325683594,0.014492887284523581
1009,2021-01-06,17.232316970825195,0.06666672176290334
1010,2021-01-07,17.222700119018555,-0.0005580707355210546
1011,2021-01-08,16.934213638305664,-0.016750363109111044
1012,2021-01-11,17.29001235961914,0.02101064324053703
1013,2021-01-12,17.34771156311035,0.0033371406735351883
1014,2021-01-13,17.193851470947266,-0.008869186670723006
1015,2021-01-14,17.395793914794922,0.01174503828818585
1016,2021-01-15,17.184232711791992,-0.012161629646750383
1017,2021-01-19,17.491954803466797,0.01790723489583823
1018,2021-01-20,17.34771156311035,-0.00824626189451716
1019,2021-01-21,17.039989471435547,-0.017738483289586826
1020,2021-01-22,17.41502571105957,0.02200918259091078
1021,2021-01-25,17.116920471191406,-0.017117703115353433
1022,2021-01-26,16.886131286621094,-0.013483101995989344
1023,2021-01-27,16.434165954589844,-0.02676547542830865
1024,2021-01-28,16.559175491333008,0.007606685796442969
1025,2021-01-29,16.145681381225586,-0.02497069436360777
1026,2021-02-01,16.424549102783203,0.017271969821099464
1027,2021-02-02,16.6361083984375,0.012880676013105719
1028,2021-02-03,16.501482009887695,-0.008092420734794548
1029,2021-02-04,16.982295989990234,0.029137624112454574
1030,2021-02-05,16.876514434814453,-0.006228931308118302
1031,2021-02-08,17.222700119018555,0.020512866299569277
1032,2021-02-09,17.328479766845703,0.006141873637475648
1033,2021-02-10,17.31886100769043,-0.0005550838437470285
1034,2021-02-11,17.145769119262695,-0.00999441524190725
1035,2021-02-12,17.174617767333984,0.0016825519969749791
1036,2021-02-16,17.33809471130371,0.009518520073306114
1037,2021-02-17,17.261165618896484,-0.004436998048988117
1038,2021-02-18,17.1073055267334,-0.008913655981300006
1039,2021-02-19,17.491954803466797,0.022484503835645597
1040,2021-02-22,17.741979598999023,0.014293702352962567
1041,2021-02-23,17.953535079956055,0.011924006550484645
1042,2021-02-24,18.16509056091309,0.011783500019070026
1043,2021-02-25,17.895837783813477,-0.014822539760907083
1044,2021-02-26,17.56640625,-0.018408276706187054
1045,2021-03-01,17.992727279663086,0.02426910909356228
1046,2021-03-02,17.934593200683594,-0.0032309764982210165
1047,2021-03-03,18.08962059020996,0.008644042705159283
1048,2021-03-04,18.244647979736328,0.008569963574043493
1049,2021-03-05,18.845373153686523,0.03292610384247463
1050,2021-03-08,19.37827491760254,0.028277591511196354
1051,2021-03-09,19.281383514404297,-0.005000001476407445
1052,2021-03-10,19.746461868286133,0.02412059038887926
1053,2021-03-11,19.843351364135746,0.00490667626919139
1054,2021-03-12,20.29874420166016,0.022949391419207377
1055,2021-03-15,19.85304069519043,-0.021957196072911578
1056,2021-03-16,19.71739387512207,-0.00683254631625374
1057,2021-03-17,19.63988304138184,-0.00393108918101126
1058,2021-03-18,19.87242317199707,0.011840199359907766
1059,2021-03-19,19.89179992675781,0.000975057475026242
1060,2021-03-22,19.165115356445312,-0.03653186604471037
1061,2021-03-23,18.554697036743164,-0.03185049024486364
1062,2021-03-24,18.486873626708984,-0.003655322956762408
1063,2021-03-25,18.96164321899414,0.025681443053693576
1064,2021-03-26,19.43640899658203,0.025038219109212667
1065,2021-03-29,19.06822204589844,-0.01894315718239603
1066,2021-03-30,19.106979370117188,0.0020325609868321326
1067,2021-03-31,18.738792419433597,-0.019269762297405624
1068,2021-04-01,18.81630516052246,0.004136485391047717
1069,2021-04-05,18.806615829467773,-0.0005149433415342353
1070,2021-04-06,18.75817108154297,-0.002575941804952353
1071,2021-04-07,18.56438636779785,-0.010330682714360773
1072,2021-04-08,18.515941619873047,-0.0026095528807156265
1073,2021-04-09,18.612831115722656,0.005232760927784463
1074,2021-04-12,18.74848175048828,0.007288017278093584
1075,2021-04-13,18.41905212402344,-0.017571002860338858
1076,2021-04-14,18.661279678344727,0.013150923982964136
1077,2021-04-15,18.54500961303711,-0.0062305515651502885
1078,2021-04-16,18.622522354125977,0.004179708865417631
1079,2021-04-19,18.52563095092773,-0.005202915123728058
1080,2021-04-20,18.070240020751957,-0.02458166911464732
1081,2021-04-21,18.341537475585938,0.015013494813705952
1082,2021-04-22,18.08962059020996,-0.013734774727107713
1083,2021-04-23,18.700035095214844,0.033743908666345135
1084,2021-04-26,18.54500961303711,-0.008290117178304302
1085,2021-04-27,18.6031436920166,0.003134755936638811
1086,2021-04-28,18.515941619873047,-0.004687491188974491
1087,2021-04-29,18.6031436920166,0.004709567243934343
1088,2021-04-30,18.312469482421875,-0.01562500480601392
1089,2021-05-03,18.58376693725586,0.014814902768542693
1090,2021-05-04,18.79692649841309,0.01147020202507476
1091,2021-05-05,18.83568572998047,0.0020619983575853595
1092,2021-05-06,18.98101806640625,0.007715797476619546
1093,2021-05-07,18.89381980895996,-0.004593971574191724
1094,2021-05-10,18.632213592529297,-0.01384612635643978
1095,2021-05-11,18.486873626708984,-0.00780046692243741
1096,2021-05-12,18.079931259155277,-0.022012503345388623
1097,2021-05-13,18.83568572998047,0.0418007380665506
1098,2021-05-14,18.98101806640625,0.007715797476619546
1099,2021-05-17,19.000398635864254,0.0010210500506453446
1100,2021-05-18,18.651588439941406,-0.01835804619722292
1101,2021-05-19,18.77754783630371,0.006753279848946692
1102,2021-05-20,18.612831115722656,-0.00877200377903431
1103,2021-05-21,18.913198471069336,0.016137650069416587
1104,2021-05-24,18.58376693725586,-0.01741807628769898
1105,2021-05-25,18.060550689697266,-0.0281544774708552
1106,2021-05-26,18.351226806640625,0.016094532328362332
1107,2021-05-27,18.496564865112305,0.00791980067616449
1108,2021-05-28,18.59416961669922,0.005276912350953067
1109,2021-06-01,18.28182601928711,-0.016797932031963225
1110,2021-06-02,18.06709289550781,-0.011745715310536253
1111,2021-06-03,18.75033950805664,0.03781718600222139
1112,2021-06-04,18.55512809753418,-0.010411086713314366
1113,2021-06-07,18.652734756469727,0.005260360285441523
1114,2021-06-08,18.63321304321289,-0.0010465871901204071
1115,2021-06-09,18.34039306640625,-0.015714948148102703
1116,2021-06-10,18.213502883911133,-0.006918618485202477
1117,2021-06-11,18.13541603088379,-0.0042873056064531845
1118,2021-06-14,17.930442810058594,-0.011302372136163585
1119,2021-06-15,18.18421936035156,0.014153390018377232
1120,2021-06-16,18.398956298828125,0.011808972066448709
1121,2021-06-17,17.823074340820312,-0.03129970791030645
1122,2021-06-18,17.266714096069336,-0.03121572822466101
1123,2021-06-21,17.85235595703125,0.03391738912820896
1124,2021-06-22,17.59857940673828,-0.014215297460110188
1125,2021-06-23,17.39360237121582,-0.011647362595868294
1126,2021-06-24,17.70594596862793,0.01795738402810665
1127,2021-06-25,17.832834243774414,0.0071664216851961005
1128,2021-06-28,17.37407875061035,-0.02572532705081454
1129,2021-06-29,17.237430572509766,-0.007865060361590959
1130,2021-06-30,17.188629150390625,-0.002831130887742006
1131,2021-07-01,17.305755615234375,0.006814183017095798
1132,2021-07-02,17.04221534729004,-0.015228475069435254
1133,2021-07-06,16.700590133666992,-0.02004582189940285
1134,2021-07-07,16.53466033935547,-0.009935564730555457
1135,2021-07-08,16.2613582611084,-0.016529040974404663
1136,2021-07-09,16.798198699951172,0.03301325942290512
1137,2021-07-12,16.837242126464844,0.002324262690962531
1138,2021-07-13,16.51513671875,-0.019130532500245767
1139,2021-07-14,16.563940048217773,0.0029550666336517484
1140,2021-07-15,16.720111846923828,0.009428420910208457
1141,2021-07-16,16.241836547851562,-0.028604790652776546
1142,2021-07-19,15.753801345825195,-0.03004803062686423
1143,2021-07-20,15.783084869384766,0.001858822700422813
1144,2021-07-21,15.929494857788086,0.00927638605601877
1145,2021-07-22,15.53906536102295,-0.024509847942494667
1146,2021-07-23,15.685476303100586,0.009422120228986364
1147,2021-07-26,15.763561248779297,0.004978168604499178
1148,2021-07-27,15.74403953552246,-0.0012384075494583646
1149,2021-07-28,15.851408004760742,0.006819626500303988
1150,2021-07-29,15.880691528320312,0.0018473768103612898
1151,2021-07-30,15.704998016357422,-0.011063341394773274
1152,2021-08-02,15.558587074279783,-0.009322569918515433
1153,2021-08-03,15.812366485595703,0.016311211943881965
1154,2021-08-04,15.500022888183594,-0.019753121564481724
1155,2021-08-05,15.656194686889648,0.010075585038336499
1156,2021-08-06,16.280879974365234,0.03990019924820509
1157,2021-08-09,16.16375160217285,-0.00719422859064156
1158,2021-08-10,16.29064178466797,0.00785029277968241
1159,2021-08-11,16.554180145263672,0.01617728534450591
1160,2021-08-12,16.300403594970703,-0.015330058514892775
1161,2021-08-13,16.280879974365234,-0.001197738478787902
1162,2021-08-16,16.183273315429688,-0.005995170966755614
1163,2021-08-17,16.212554931640625,0.001809375374203226
1164,2021-08-18,16.066143035888672,-0.009030772532108045
1165,2021-08-19,15.939255714416504,-0.007897808527455918
1166,2021-08-20,16.095428466796875,0.00979799528776737
1167,2021-08-23,16.280879974365234,0.011521998805494649
1168,2021-08-24,16.349205017089844,0.004196643107263753
1169,2021-08-25,16.427291870117188,0.004776186545200067
1170,2021-08-26,16.202795028686523,-0.013666089529890568
1171,2021-08-27,16.54442024230957,0.02108433841310786
1172,2021-08-30,16.19303321838379,-0.021239004980492915
1173,2021-08-31,16.39975357055664,0.01276600556455132
1174,2021-09-01,16.193035125732422,-0.012604972625646749
1175,2021-09-02,16.34069061279297,0.009118456540979647
1176,2021-09-03,16.29146957397461,-0.0030121761671336733
1177,2021-09-07,16.202877044677734,-0.005437970398839864
1178,2021-09-08,15.927251815795898,-0.01701088196385303
1179,2021-09-09,15.956782341003418,0.0018540879210706684
1180,2021-09-10,15.7500638961792,-0.012954895317022874
1181,2021-09-13,15.78943920135498,0.002500009233951994
1182,2021-09-14,15.503969192504885,-0.01807980671191911
1183,2021-09-15,15.7500638961792,0.015873012943890874
1184,2021-09-16,15.691000938415527,-0.00375001385092788
1185,2021-09-17,15.710688591003418,0.0012547097960902143
1186,2021-09-20,15.513813018798828,-0.012531314020018725
1187,2021-09-21,15.415374755859377,-0.006345201068245987
1188,2021-09-22,15.572875022888184,0.010217089725239381
1189,2021-09-23,16.133970260620117,0.03603029221690068
1190,2021-09-24,16.29146957397461,0.00976196874112989
1191,2021-09-27,16.872255325317383,0.035649684560720596
1192,2021-09-28,16.73444175720215,-0.008168058475765294
1193,2021-09-29,16.872255325317383,0.008235325092689205
1194,2021-09-30,16.685224533081055,-0.011085109170656193
1195,2021-10-01,16.941162109375,0.015339174836185743
1196,2021-10-04,16.90178680419922,-0.002324238734129791
1197,2021-10-05,16.98053741455078,0.004659306809620789
1198,2021-10-06,17.000225067138672,0.0011594245875292675
1199,2021-10-07,17.128192901611328,0.00752742001751594
1200,2021-10-08,17.059288024902344,-0.00402289238011222
1201,2021-10-11,16.872255325317383,-0.010963687306993042
1202,2021-10-12,16.79350471496582,-0.004667461986151533
1203,2021-10-13,16.606473922729492,-0.011137091120095532
1204,2021-10-14,16.90178680419922,0.01778299733247568
1205,2021-10-15,16.783660888671875,-0.0069889602144310725
1206,2021-10-18,16.832881927490234,0.0029326759605576846
1207,2021-10-19,17.275850296020508,0.02631565827161486
1208,2021-10-20,17.492416381835938,0.012535769997110702
1209,2021-10-21,17.334915161132812,-0.009003971622049578
1210,2021-10-22,17.492416381835938,0.009085779724856247
1211,2021-10-25,17.78772735595703,0.01688222871413836
1212,2021-10-26,17.64991569519043,-0.007747569883931771
1213,2021-10-27,16.911630630493164,-0.04182938193288066
1214,2021-10-28,17.118349075317383,0.012223448426758265
1215,2021-10-29,16.81319236755371,-0.017826293085918654
1216,2021-11-01,17.37428855895996,0.03337237683005756
1217,2021-11-02,17.216787338256836,-0.009065189643227223
1218,2021-11-03,17.738508224487305,0.03030303366012843
1219,2021-11-04,17.531787872314453,-0.01165376194867851
1220,2021-11-05,17.994447708129883,0.026389769211504266
1221,2021-11-08,17.945226669311523,-0.002735345903176589
1222,2021-11-09,17.807415008544922,-0.0076795720280466995
1223,2021-11-10,17.925540924072266,0.006633524038759164
1224,2021-11-11,17.93538475036621,0.0005491508644364096
1225,2021-11-12,17.9550724029541,0.0010976989265585324
1226,2021-11-15,18.12241554260254,0.009320103862176854
1227,2021-11-16,18.15194702148437,0.0016295553323126821
1228,2021-11-17,18.0633544921875,-0.0048806075288790884
1229,2021-11-18,18.004291534423828,-0.003269766852508904
1230,2021-11-19,18.004291534423828,0.0
1231,2021-11-22,18.49648094177246,0.027337338234474595
1232,2021-11-23,18.673667907714844,0.009579496040364344
1233,2021-11-24,18.68351173400879,0.00052715012083282
1234,2021-11-26,18.033823013305664,-0.03477337290507998
1235,2021-11-29,17.89600944519043,-0.007641949686073346
1236,2021-11-30,17.384132385253906,-0.028602860403277863
1237,2021-12-01,17.305383682250977,-0.004529918506012365
1238,2021-12-02,17.689289093017578,0.02218416059508388
1239,2021-12-03,17.490867614746094,-0.011217040844779147
1240,2021-12-06,17.96708106994629,0.027226405555703437
1241,2021-12-07,17.719053268432617,-0.013804568507711057
1242,2021-12-08,17.69921112060547,-0.0011198198643320723
1243,2021-12-09,17.53055191040039,-0.00952919364912963
1244,2021-12-10,17.619842529296875,0.005093428852260606
1245,2021-12-13,17.371814727783203,-0.014076618511276173
1246,2021-12-14,17.600000381469727,0.013135395309137099
1247,2021-12-15,17.27260398864746,-0.018602067370803388
1248,2021-12-16,17.4114990234375,0.008041348882966926
1249,2021-12-17,17.17339324951172,-0.013675202439793921
1250,2021-12-20,17.123788833618164,-0.002888445816901397
1251,2021-12-21,17.421419143676758,0.017381101399374543
1252,2021-12-22,17.451183319091797,0.0017084816781898216
1253,2021-12-23,17.758737564086914,0.017623690002651626
1254,2021-12-27,17.9174747467041,0.008938539805791068
1255,2021-12-28,18.17542266845703,0.01439644399668416
1256,2021-12-29,18.13573837280273,-0.00218340428050523
1257,2021-12-30,18.0662899017334,-0.003829371026518591
1258,2021-12-31,17.977001190185547,-0.0049422826730619596
