Date,Adj Close
2017-01-03,14.442489624023438
2017-01-04,14.578399658203123
2017-01-05,14.678065299987791
2017-01-06,14.678065299987791
2017-01-09,14.632763862609863
2017-01-10,14.24316120147705
2017-01-11,14.161613464355469
2017-01-12,13.953224182128906
2017-01-13,13.654226303100586
2017-01-17,13.463953018188477
2017-01-18,13.418651580810549
2017-01-19,13.029050827026367
2017-01-20,13.617982864379885
2017-01-23,13.192138671875
2017-01-24,13.11059284210205
2017-01-25,13.30992317199707
2017-01-26,13.047168731689451
2017-01-27,13.137775421142578
2017-01-30,12.720992088317873
2017-01-31,12.385750770568848
2017-02-01,12.494476318359377
2017-02-02,12.277023315429688
2017-02-03,12.222658157348633
2017-02-06,12.222658157348633
2017-02-07,12.041449546813965
2017-02-08,12.122994422912598
2017-02-09,14.234098434448242
2017-02-10,14.64182186126709
2017-02-13,14.45155143737793
2017-02-14,14.460611343383787
2017-02-15,14.279401779174805
2017-02-16,14.442489624023438
2017-02-17,14.45155143737793
2017-02-21,13.753890991210938
2017-02-22,14.560276985168455
2017-02-23,14.61463737487793
2017-02-24,14.596521377563477
2017-02-27,15.257938385009766
2017-02-28,15.33042335510254
2017-03-01,15.801572799682615
2017-03-02,15.973719596862791
2017-03-03,15.565994262695312
2017-03-06,15.10229206085205
2017-03-07,15.065922737121582
2017-03-08,15.238675117492676
2017-03-09,14.984091758728027
2017-03-10,14.811336517333984
2017-03-13,14.65676975250244
2017-03-14,14.747692108154297
2017-03-15,15.684195518493652
2017-03-16,14.64767837524414
2017-03-17,14.484016418457031
2017-03-20,13.947569847106934
2017-03-21,13.902108192443848
2017-03-22,13.89301586151123
2017-03-23,14.165783882141112
2017-03-24,14.083951950073242
2017-03-27,14.056678771972656
2017-03-28,14.229433059692385
2017-03-29,13.947569847106934
2017-03-30,14.338540077209473
2017-03-31,14.502199172973633
2017-04-03,13.938477516174316
2017-04-04,14.011216163635254
2017-04-05,13.865740776062012
2017-04-06,13.865740776062012
2017-04-07,13.629340171813965
2017-04-10,13.783909797668455
2017-04-11,14.06576919555664
2017-04-12,13.692987442016602
2017-04-13,13.574786186218262
2017-04-17,14.138506889343262
2017-04-18,13.983939170837402
2017-04-19,13.67480182647705
2017-04-20,13.811184883117676
2017-04-21,13.838461875915527
2017-04-24,13.9293851852417
2017-04-25,13.88392448425293
2017-04-26,14.256709098815918
2017-04-27,14.120325088500977
2017-04-28,13.874831199645996
2017-05-01,14.19306182861328
2017-05-02,14.102140426635742
2017-05-03,13.756632804870604
2017-05-04,13.756632804870604
2017-05-05,13.60206413269043
2017-05-08,13.611156463623049
2017-05-09,13.556602478027344
2017-05-10,13.60206413269043
2017-05-11,13.556602478027344
2017-05-12,13.42021656036377
2017-05-15,13.656618118286133
2017-05-16,13.902108192443848
2017-05-17,13.711172103881836
2017-05-18,13.874831199645996
2017-05-19,14.632471084594728
2017-05-22,14.614213943481444
2017-05-23,14.568574905395508
2017-05-24,14.449906349182127
2017-05-25,14.58682918548584
2017-05-26,14.933701515197754
2017-05-30,14.58682918548584
2017-05-31,14.815033912658691
2017-06-01,15.070622444152832
2017-06-02,15.36272430419922
2017-06-05,14.92457389831543
2017-06-06,14.4955472946167
2017-06-07,14.477291107177734
2017-06-08,14.440778732299805
2017-06-09,14.668980598449709
2017-06-12,14.933701515197754
2017-06-13,15.810007095336914
2017-06-14,15.216672897338867
2017-06-15,14.97933864593506
2017-06-16,15.006725311279297
2017-06-19,15.152775764465332
2017-06-20,15.079751014709473
2017-06-21,14.322111129760742
2017-06-22,14.285599708557127
2017-06-23,13.893086433410645
2017-06-26,14.23995876312256
2017-06-27,14.194318771362305
2017-06-28,14.413393020629885
2017-06-29,14.459035873413086
2017-06-30,14.358622550964355
2017-07-03,14.833292007446287
2017-07-05,14.395137786865234
2017-07-06,14.230830192565918
2017-07-07,14.486419677734377
2017-07-10,14.267342567443848
2017-07-11,14.46816349029541
2017-07-12,14.504676818847656
2017-07-13,14.641600608825684
2017-07-14,14.614213943481444
2017-07-17,14.605085372924805
2017-07-18,14.605085372924805
2017-07-19,14.705496788024902
2017-07-20,14.632471084594728
2017-07-21,14.513802528381348
2017-07-24,14.532058715820312
2017-07-25,14.668980598449709
2017-07-26,14.796777725219728
2017-07-27,14.422520637512209
2017-07-28,14.668980598449709
2017-07-31,14.568574905395508
2017-08-01,14.504676818847656
2017-08-02,14.595956802368164
2017-08-03,14.459035873413086
2017-08-04,14.595956802368164
2017-08-07,14.185188293457031
2017-08-08,14.21257495880127
2017-08-09,14.62334156036377
2017-08-10,14.723752975463867
2017-08-11,14.732879638671877
2017-08-14,15.024981498718262
2017-08-15,14.732879638671877
2017-08-16,14.92457389831543
2017-08-17,14.759660720825195
2017-08-18,14.823792457580566
2017-08-21,14.796308517456056
2017-08-22,14.83295440673828
2017-08-23,14.86043930053711
2017-08-24,14.988706588745115
2017-08-25,14.658879280090332
2017-08-28,14.576424598693848
2017-08-29,14.695528984069824
2017-08-30,14.613070487976074
2017-08-31,14.420672416687012
2017-09-01,14.576424598693848
2017-09-05,13.531978607177734
2017-09-06,13.86180305480957
2017-09-07,12.91814136505127
2017-09-08,12.927300453186035
2017-09-11,14.457320213317873
2017-09-12,14.438998222351074
2017-09-13,14.741336822509766
2017-09-14,14.787144660949709
2017-09-15,14.759660720825195
2017-09-18,14.668041229248049
2017-09-19,14.429835319519045
2017-09-20,14.521453857421877
2017-09-21,14.503129005432127
2017-09-22,14.603911399841309
2017-09-25,14.73217487335205
2017-09-26,14.548938751220703
2017-09-27,14.649717330932615
2017-09-28,14.759660720825195
2017-09-29,14.933733940124512
2017-10-02,15.382660865783691
2017-10-03,15.208587646484377
2017-10-04,15.14445686340332
2017-10-05,14.87876319885254
2017-10-06,14.787144660949709
2017-10-09,14.686366081237791
2017-10-10,15.03451156616211
2017-10-11,15.098647117614746
2017-10-12,14.970380783081056
2017-10-13,15.107808113098145
2017-10-16,15.007027626037598
2017-10-17,14.704689025878906
2017-10-18,14.741336822509766
2017-10-19,14.851277351379396
2017-10-20,14.906248092651367
2017-10-23,14.777983665466309
2017-10-24,14.622234344482422
2017-10-25,14.704689025878906
2017-10-26,14.668041229248049
2017-10-27,14.53061580657959
2017-10-30,14.36570167541504
2017-10-31,14.420672416687012
2017-11-01,14.34737777709961
2017-11-02,14.420672416687012
2017-11-03,14.283246040344238
2017-11-06,14.283246040344238
2017-11-07,14.329054832458496
2017-11-08,14.228275299072266
2017-11-09,14.35654067993164
2017-11-10,14.53061580657959
2017-11-13,14.402348518371582
2017-11-14,14.292407989501951
2017-11-15,14.173304557800291
2017-11-16,14.228275299072266
2017-11-17,14.35654067993164
2017-11-20,14.668041229248049
2017-11-21,14.750809669494627
2017-11-22,14.66804027557373
2017-11-24,14.631256103515623
2017-11-27,14.787593841552734
2017-11-28,15.081870079040527
2017-11-29,15.27499294281006
2017-11-30,15.348567962646484
2017-12-01,15.27499294281006
2017-12-04,15.229011535644531
2017-12-05,15.155444145202637
2017-12-06,15.173835754394531
2017-12-07,15.183032035827637
2017-12-08,15.118659973144531
2017-12-11,15.072676658630373
2017-12-12,15.109461784362791
2017-12-13,15.09106731414795
2017-12-14,14.999105453491213
2017-12-15,15.495705604553224
2017-12-18,15.44972324371338
2017-12-19,15.146246910095217
2017-12-20,15.155444145202637
2017-12-21,15.27499294281006
2017-12-22,15.183032035827637
2017-12-26,15.376154899597168
2017-12-27,15.74400520324707
2017-12-28,15.863558769226074
2017-12-29,15.863558769226074
2018-01-02,16.02908706665039
2018-01-03,16.093463897705078
2018-01-04,16.34176254272461
2018-01-05,16.682024002075195
2018-01-08,16.81077003479004
2018-01-09,16.72800636291504
2018-01-10,17.095857620239258
2018-01-11,17.07746124267578
2018-01-12,17.279783248901367
2018-01-16,17.877538681030273
2018-01-17,18.374135971069336
2018-01-18,18.07066345214844
2018-01-19,18.23619270324707
2018-01-22,18.079853057861328
2018-01-23,17.914323806762695
2018-01-24,17.822357177734375
2018-01-25,18.033878326416016
2018-01-26,18.10744285583496
2018-01-29,17.877538681030273
2018-01-30,17.767181396484375
2018-01-31,17.767181396484375
2018-02-01,17.73959732055664
2018-02-02,17.518884658813477
2018-02-05,16.921125411987305
2018-02-06,17.3901309967041
2018-02-07,17.895933151245117
2018-02-08,17.215404510498047
2018-02-09,17.151033401489258
2018-02-12,16.948713302612305
2018-02-13,16.847558975219727
2018-02-14,17.022287368774414
2018-02-15,17.20621109008789
2018-02-16,17.279783248901367
2018-02-20,16.838359832763672
2018-02-21,17.197011947631836
2018-02-22,17.960304260253906
2018-02-23,17.886734008789062
2018-02-26,17.960304260253906
2018-02-27,17.849950790405273
2018-02-28,17.978694915771484
2018-03-01,18.05226707458496
2018-03-02,18.05226707458496
2018-03-05,18.27297782897949
2018-03-06,17.691856384277344
2018-03-07,17.701082229614258
2018-03-08,18.291427612304688
2018-03-09,18.42978477478028
2018-03-12,18.44823455810547
2018-03-13,18.420562744140625
2018-03-14,18.420562744140625
2018-03-15,18.291427612304688
2018-03-16,18.41133499145508
2018-03-19,18.44823455810547
2018-03-20,18.420562744140625
2018-03-21,18.300647735595703
2018-03-22,18.18995475769043
2018-03-23,17.84866714477539
2018-03-26,17.75642967224121
2018-03-27,17.618061065673828
2018-03-28,17.80254554748535
2018-03-29,17.65496253967285
2018-04-02,17.14763641357422
2018-04-03,17.175308227539062
2018-04-04,17.267547607421875
2018-04-05,16.787891387939453
2018-04-06,16.465049743652344
2018-04-09,16.520395278930664
2018-04-10,16.834012985229492
2018-04-11,16.769439697265625
2018-04-12,16.981597900390625
2018-04-13,16.99082374572754
2018-04-16,17.479700088500977
2018-04-17,17.507373809814453
2018-04-18,17.571943283081055
2018-04-19,17.6641845703125
2018-04-20,17.719532012939453
2018-04-23,18.00547981262207
2018-04-24,17.959354400634766
2018-04-25,17.691856384277344
2018-04-26,17.65496253967285
2018-04-27,17.581167221069336
2018-04-30,17.396686553955078
2018-05-01,17.581167221069336
2018-05-02,17.52582550048828
2018-05-03,17.46125602722168
2018-05-04,17.59039306640625
2018-05-07,17.996252059936523
2018-05-08,18.18995475769043
2018-05-09,18.39288902282715
2018-05-10,18.641939163208008
2018-05-11,19.2046127319336
2018-05-14,18.86332130432129
2018-05-15,19.28763008117676
2018-05-16,19.241512298583984
2018-05-17,19.398317337036133
2018-05-18,19.545907974243164
2018-05-21,19.51815223693848
2018-05-22,19.471900939941406
2018-05-23,19.37014961242676
2018-05-24,19.31464576721192
2018-05-25,19.2961483001709
2018-05-29,19.19439125061035
2018-05-30,19.51815223693848
2018-05-31,19.13888931274414
2018-06-01,18.833629608154297
2018-06-04,18.77812957763672
2018-06-05,18.55611991882324
2018-06-06,18.833629608154297
2018-06-07,18.86138153076172
2018-06-08,18.92613220214844
2018-06-11,19.12039375305176
2018-06-12,19.083385467529297
2018-06-13,19.268394470214844
2018-06-14,19.28689765930176
2018-06-15,19.31464576721192
2018-06-18,19.11113929748535
2018-06-19,19.25914764404297
2018-06-20,18.833629608154297
2018-06-21,18.80588150024414
2018-06-22,18.69487571716309
2018-06-25,18.39887046813965
2018-06-26,18.38036727905273
2018-06-27,18.12135887145996
2018-06-28,18.019603729248047
2018-06-29,18.112106323242188
2018-07-02,18.25086212158203
2018-07-03,18.18610954284668
2018-07-05,18.23236083984375
2018-07-06,18.03809928894043
2018-07-09,17.945602416992188
2018-07-10,18.18610954284668
2018-07-11,18.241607666015625
2018-07-12,18.491369247436523
2018-07-13,18.56537628173828
2018-07-16,18.73187828063965
2018-07-17,18.74112892150879
2018-07-18,18.78738021850586
2018-07-19,18.796630859375
2018-07-20,18.78738021850586
2018-07-23,18.435869216918945
2018-07-24,18.509870529174805
2018-07-25,18.61162376403809
2018-07-26,18.98163604736328
2018-07-27,18.76888084411621
2018-07-30,19.037139892578125
2018-07-31,19.20364761352539
2018-08-01,19.222145080566406
2018-08-02,19.527402877807617
2018-08-03,19.67540740966797
2018-08-06,19.222145080566406
2018-08-07,19.35164833068848
2018-08-08,19.32389640808105
2018-08-09,19.34239959716797
2018-08-10,19.323843002319336
2018-08-13,19.66709327697754
2018-08-14,19.66709327697754
2018-08-15,19.54648971557617
2018-08-16,19.64854049682617
2018-08-17,19.518659591674805
2018-08-20,19.518659591674805
2018-08-21,19.685646057128903
2018-08-22,19.43516731262207
2018-08-23,19.2774600982666
2018-08-24,19.2217960357666
2018-08-27,19.1104736328125
2018-08-28,19.24962615966797
2018-08-29,19.388782501220703
2018-08-30,19.3145694732666
2018-08-31,19.323843002319336
2018-09-04,19.43516731262207
2018-09-05,19.2403507232666
2018-09-06,19.24962615966797
2018-09-07,19.351675033569336
2018-09-10,18.962047576904297
2018-09-11,18.55385971069336
2018-09-12,18.572416305541992
2018-09-13,19.091920852661133
2018-09-14,19.37950325012207
2018-09-17,18.693012237548828
2018-09-18,18.962047576904297
2018-09-19,19.3145694732666
2018-09-20,19.333120346069336
2018-09-21,19.84335327148437
2018-09-24,19.305288314819336
2018-09-25,20.019615173339844
2018-09-26,20.11238479614257
2018-09-27,20.093828201293945
2018-09-28,20.761768341064453
2018-10-01,20.158767700195312
2018-10-02,19.3145694732666
2018-10-03,19.54648971557617
2018-10-04,19.286739349365234
2018-10-05,19.60215187072754
2018-10-08,18.906381607055664
2018-10-09,19.333120346069336
2018-10-10,18.767229080200195
2018-10-11,18.45181465148925
2018-10-12,18.637351989746094
2018-10-15,18.64662742614746
2018-10-16,18.81361389160156
2018-10-17,18.943490982055664
2018-10-18,18.924938201904297
2018-10-19,18.70229148864746
2018-10-22,18.739397048950195
2018-10-23,18.720844268798828
2018-10-24,18.674455642700195
2018-10-25,18.89710807800293
2018-10-26,18.88783073425293
2018-10-29,18.9342098236084
2018-10-30,18.74867248535156
2018-10-31,18.294103622436523
2018-11-01,18.600242614746094
2018-11-02,17.51484489440918
2018-11-05,16.336671829223633
2018-11-06,17.00461196899414
2018-11-07,17.357135772705078
2018-11-08,17.64472007751465
2018-11-09,17.282920837402344
2018-11-12,17.71893310546875
2018-11-13,17.62616729736328
2018-11-14,17.737489700317383
2018-11-15,17.63544273376465
2018-11-16,17.700382232666016
2018-11-19,17.812053680419922
2018-11-20,17.644546508789062
2018-11-21,17.793445587158203
2018-11-23,17.83997344970703
2018-11-26,17.849281311035156
2018-11-27,17.2071533203125
2018-11-28,17.97956657409668
2018-11-29,17.774831771850586
2018-11-30,18.05401611328125
2018-12-03,17.86789321899414
2018-12-04,17.449113845825195
2018-12-06,17.45842170715332
2018-12-07,17.05825424194336
2018-12-10,17.123397827148438
2018-12-11,16.927968978881836
2018-12-12,16.974496841430664
2018-12-13,16.6953125
2018-12-14,16.267229080200195
2018-12-17,15.91359043121338
2018-12-18,15.848448753356934
2018-12-19,15.736773490905762
2018-12-20,15.30869197845459
2018-12-21,15.020196914672852
2018-12-24,14.703786849975586
2018-12-26,14.908523559570312
2018-12-27,15.20632266998291
2018-12-28,15.411056518554688
2018-12-31,15.466896057128906
2019-01-02,15.094647407531738
2019-01-03,14.806157112121582
2019-01-04,15.04811668395996
2019-01-07,14.992280960083008
2019-01-08,14.945746421813965
2019-01-09,15.169096946716309
2019-01-10,15.038809776306152
2019-01-11,14.973666191101074
2019-01-14,14.815462112426758
2019-01-15,14.759623527526855
2019-01-16,14.89921760559082
2019-01-17,15.057424545288086
2019-01-18,15.141178131103516
2019-01-22,14.815462112426758
2019-01-23,14.84338092803955
2019-01-24,14.815462112426758
2019-01-25,14.89921760559082
2019-01-28,15.103955268859863
2019-01-29,14.936442375183104
2019-01-30,14.964361190795898
2019-01-31,15.18770980834961
2019-02-01,15.271464347839355
2019-02-04,15.122565269470217
2019-02-05,15.169096946716309
2019-02-06,15.13187313079834
2019-02-07,15.01089096069336
2019-02-08,14.945746421813965
2019-02-11,15.020196914672852
2019-02-12,15.01089096069336
2019-02-13,15.20632266998291
2019-02-14,15.345914840698242
2019-02-15,15.37383270263672
2019-02-19,15.513425827026367
2019-02-20,15.364526748657228
2019-02-21,14.973666191101074
2019-02-22,15.37383270263672
2019-02-25,15.141178131103516
2019-02-26,15.569265365600586
2019-02-27,15.15048599243164
2019-02-28,15.243545532226562
2019-03-01,15.299384117126465
2019-03-04,15.038809776306152
2019-03-05,14.973426818847656
2019-03-06,14.730562210083008
2019-03-07,14.721220970153809
2019-03-08,14.758584022521973
2019-03-11,15.39376449584961
2019-03-12,15.356401443481444
2019-03-13,15.291015625
2019-03-14,15.225627899169922
2019-03-15,15.449809074401855
2019-03-18,15.403104782104492
2019-03-19,15.188264846801758
2019-03-20,15.038810729980469
2019-03-21,14.973426818847656
2019-03-22,14.758584022521973
2019-03-25,14.851993560791016
2019-03-26,14.758584022521973
2019-03-27,14.805289268493652
2019-03-28,14.926719665527344
2019-03-29,14.851993560791016
2019-04-01,15.319035530090332
2019-04-02,15.132220268249512
2019-04-03,15.17892360687256
2019-04-04,15.319035530090332
2019-04-05,15.23496913909912
2019-04-08,14.936059951782228
2019-04-09,14.758584022521973
2019-04-10,15.085515022277832
2019-04-11,15.094856262207031
2019-04-12,15.076171875
2019-04-15,15.066832542419434
2019-04-16,15.225627899169922
2019-04-17,15.113539695739746
2019-04-18,15.30035400390625
2019-04-22,14.590448379516602
2019-04-23,14.81462860107422
2019-04-24,14.683856964111328
2019-04-25,14.440994262695312
2019-04-26,14.478358268737791
2019-04-29,14.375609397888184
2019-04-30,14.310221672058104
2019-05-01,14.63715362548828
2019-05-02,14.244836807250977
2019-05-03,14.375609397888184
2019-05-06,14.721220970153809
2019-05-07,14.665175437927246
2019-05-08,13.861861228942873
2019-05-09,13.562952041625977
2019-05-10,13.618999481201172
2019-05-13,13.450167655944824
2019-05-14,13.65651512145996
2019-05-15,13.459545135498049
2019-05-16,13.393890380859377
2019-05-17,13.037468910217283
2019-05-20,12.821742057800291
2019-05-21,12.756086349487305
2019-05-22,13.281335830688477
2019-05-23,13.206300735473633
2019-05-24,13.318854331970217
2019-05-28,13.375131607055664
2019-05-29,13.168784141540527
2019-05-30,12.89677619934082
2019-05-31,12.643531799316406
2019-06-03,12.615392684936523
2019-06-04,13.253198623657228
2019-06-05,13.497065544128418
2019-06-06,13.478304862976074
2019-06-07,13.525203704833984
2019-06-10,13.609618186950684
2019-06-11,13.506442070007324
2019-06-12,13.43140697479248
2019-06-13,13.543962478637695
2019-06-14,13.468926429748535
2019-06-17,13.412650108337402
2019-06-18,13.38451099395752
2019-06-19,13.534582138061523
2019-06-20,13.5814790725708
2019-06-21,13.468926429748535
2019-06-24,13.35637378692627
2019-06-25,13.487686157226562
2019-06-26,13.140645027160645
2019-06-27,13.40326976776123
2019-06-28,13.375131607055664
2019-07-01,13.675275802612305
2019-07-02,13.797207832336426
2019-07-03,13.84410572052002
2019-07-05,13.956658363342283
2019-07-08,13.834726333618164
2019-07-09,13.694035530090332
2019-07-10,13.440787315368652
2019-07-11,13.168784141540527
2019-07-12,13.600239753723145
2019-07-15,13.121885299682615
2019-07-16,13.121885299682615
2019-07-17,12.981193542480469
2019-07-18,12.765464782714844
2019-07-19,12.024486541748049
2019-07-22,11.6868257522583
2019-07-23,11.45233917236328
2019-07-24,11.461718559265137
2019-07-25,11.095919609069824
2019-07-26,10.683221817016602
2019-07-29,10.861432075500488
2019-07-30,10.711360931396484
2019-07-31,10.626945495605469
2019-08-01,10.251766204833984
2019-08-02,10.551909446716309
2019-08-05,10.60818576812744
2019-08-06,11.039642333984377
2019-08-07,11.039642333984377
2019-08-08,11.142817497253418
2019-08-09,11.020882606506348
2019-08-12,10.880189895629885
2019-08-13,10.776481628417969
2019-08-14,10.503061294555664
2019-08-15,10.927331924438477
2019-08-16,11.398744583129885
2019-08-19,11.775874137878418
2019-08-20,12.0775785446167
2019-08-21,12.087005615234377
2019-08-22,11.917299270629885
2019-08-23,11.643878936767578
2019-08-26,11.926727294921877
2019-08-27,11.540167808532717
2019-08-28,10.965045928955078
2019-08-29,11.012187004089355
2019-08-30,11.049899101257324
2019-09-03,11.76644515991211
2019-09-04,11.870157241821287
2019-09-05,11.917299270629885
2019-09-06,12.153003692626951
2019-09-09,12.464136123657228
2019-09-10,12.756410598754885
2019-09-11,13.227822303771973
2019-09-12,13.067543983459473
2019-09-13,13.086400985717772
2019-09-16,13.029829978942873
2019-09-17,12.860121726989746
2019-09-18,12.624415397644045
2019-09-19,12.662128448486328
2019-09-20,12.388710021972656
2019-09-23,12.841265678405762
2019-09-24,12.831836700439451
2019-09-25,13.029829978942873
2019-09-26,12.982688903808594
2019-09-27,12.963830947875977
2019-09-30,13.190110206604004
2019-10-01,13.058115005493164
2019-10-02,12.756410598754885
2019-10-03,12.794123649597168
2019-10-04,12.982688903808594
2019-10-07,13.058115005493164
2019-10-08,12.473563194274902
2019-10-09,12.4358491897583
2019-10-10,12.482991218566896
2019-10-11,12.256714820861816
2019-10-14,12.181286811828612
2019-10-15,12.313284873962402
2019-10-16,12.115290641784668
2019-10-17,11.879586219787598
2019-10-18,12.190715789794922
2019-10-21,12.12471866607666
2019-10-22,11.823015213012695
2019-10-23,12.181286811828612
2019-10-24,11.625022888183594
2019-10-25,11.464740753173828
2019-10-28,11.436457633972168
2019-10-29,11.587308883666992
2019-10-30,11.587308883666992
2019-10-31,11.5590238571167
2019-11-01,11.342174530029297
2019-11-04,11.577881813049316
2019-11-05,11.568453788757324
2019-11-06,12.20014476776123
2019-11-07,12.256714820861816
2019-11-08,12.548990249633787
2019-11-11,12.520705223083496
2019-11-12,12.303855895996094
2019-11-13,12.096433639526367
2019-11-14,12.237857818603516
2019-11-15,11.955011367797852
2019-11-18,12.210783004760742
2019-11-19,12.258148193359377
2019-11-20,12.163418769836426
2019-11-21,11.945538520812988
2019-11-22,11.879225730895996
2019-11-25,12.33393383026123
2019-11-26,11.98342990875244
2019-11-27,12.040268898010254
2019-11-29,12.021321296691896
2019-12-02,11.98342990875244
2019-12-03,11.84133243560791
2019-12-04,11.585559844970703
2019-12-05,11.471882820129396
2019-12-06,11.481356620788574
2019-12-09,11.452937126159668
2019-12-10,11.490830421447754
2019-12-11,11.699237823486328
2019-12-12,11.576087951660156
2019-12-13,11.32031536102295
2019-12-16,11.98342990875244
2019-12-17,12.09710693359375
2019-12-18,11.98342990875244
2019-12-19,11.98342990875244
2019-12-20,12.106579780578612
2019-12-23,11.670817375183104
2019-12-24,11.765548706054688
2019-12-26,11.642398834228516
2019-12-27,11.74660301208496
2019-12-30,11.79396915435791
2019-12-31,11.945538520812988
2020-01-02,11.65187168121338
2020-01-03,11.699237823486328
2020-01-06,11.140325546264648
2020-01-07,10.903501510620115
2020-01-08,10.875081062316896
2020-01-09,10.70456600189209
2020-01-10,10.382479667663574
2020-01-13,10.34458827972412
2020-01-14,10.098288536071776
2020-01-15,10.211965560913086
2020-01-16,10.306696891784668
2020-01-17,10.221439361572266
2020-01-21,10.24985694885254
2020-01-22,10.211965560913086
2020-01-23,10.145654678344728
2020-01-24,10.069869995117188
2020-01-27,9.96566677093506
2020-01-28,10.041451454162598
2020-01-29,9.833044052124023
2020-01-30,9.937246322631836
2020-01-31,9.605690956115724
2020-02-03,10.24985694885254
2020-02-04,10.335116386413574
2020-02-05,10.666672706604004
2020-02-06,10.45826530456543
2020-02-07,10.136180877685549
2020-02-10,10.15512752532959
2020-02-11,10.221439361572266
2020-02-12,10.031978607177734
2020-02-13,10.088817596435549
2020-02-14,9.899353981018066
2020-02-18,9.738313674926758
2020-02-19,9.804624557495115
2020-02-20,9.728840827941896
2020-02-21,9.501484870910645
2020-02-24,9.624635696411133
2020-02-25,9.672001838684082
2020-02-26,9.482540130615234
2020-02-27,9.359392166137695
2020-02-28,8.904683113098145
2020-03-02,9.302552223205566
2020-03-03,9.350208282470703
2020-03-04,9.750521659851074
2020-03-05,9.550366401672363
2020-03-06,9.40739631652832
2020-03-09,8.797391891479492
2020-03-10,8.816455841064453
2020-03-11,8.339889526367188
2020-03-12,7.567854881286621
2020-03-13,8.692547798156738
2020-03-16,7.443946838378906
2020-03-17,8.03488826751709
2020-03-18,7.310509204864502
2020-03-19,7.787074565887451
2020-03-20,7.787074565887451
2020-03-23,7.987231731414795
2020-03-24,8.5877046585083
2020-03-25,8.149263381958008
2020-03-26,8.625828742980957
2020-03-27,7.901450157165527
2020-03-30,8.168327331542969
2020-03-31,8.806923866271973
2020-04-01,7.72035551071167
2020-04-02,8.149263381958008
2020-04-03,7.663167476654053
2020-04-06,7.739417552947998
2020-04-07,7.87285566329956
2020-04-08,8.09207534790039
2020-04-09,8.683015823364258
2020-04-13,8.48285961151123
2020-04-14,8.56864070892334
2020-04-15,8.015826225280762
2020-04-16,8.149263381958008
2020-04-17,8.67348575592041
2020-04-20,8.597234725952148
2020-04-21,8.721141815185547
2020-04-22,8.492389678955078
2020-04-23,8.158796310424805
2020-04-24,8.158796310424805
2020-04-27,8.378013610839844
2020-04-28,8.530515670776367
2020-04-29,8.540046691894531
2020-04-30,8.149263381958008
2020-05-01,8.168327331542969
2020-05-04,7.949106216430664
2020-05-05,8.358952522277832
2020-05-06,8.368483543395996
2020-05-07,7.463009834289551
2020-05-08,8.082545280456543
2020-05-11,7.520197868347168
2020-05-12,6.995976448059082
2020-05-13,6.824412345886231
2020-05-14,7.091289520263672
2020-05-15,7.196134090423584
2020-05-18,7.907099723815918
2020-05-19,7.397894382476807
2020-05-20,7.570832252502441
2020-05-21,7.148095607757568
2020-05-22,7.551616668701172
2020-05-26,7.157702922821045
2020-05-27,7.983961582183838
2020-05-28,7.830238819122314
2020-05-29,7.532401561737059
2020-06-01,7.570832252502441
2020-06-02,7.609262943267822
2020-06-03,8.022392272949219
2020-06-04,7.638085842132568
2020-06-05,7.666908740997314
2020-06-08,8.31062126159668
2020-06-09,8.041606903076172
2020-06-10,7.695732116699219
2020-06-11,7.109664440155029
2020-06-12,7.340248584747314
2020-06-15,7.071234226226807
2020-06-16,7.157702922821045
2020-06-17,7.2057414054870605
2020-06-18,7.109664440155029
2020-06-19,6.898296356201172
2020-06-22,7.253779888153076
2020-06-23,7.032803535461426
2020-06-24,7.128880500793457
2020-06-25,7.426717281341553
2020-06-26,7.349855899810791
2020-06-29,7.340248584747314
2020-06-30,7.513186931610107
2020-07-01,7.196133613586426
2020-07-02,7.2057414054870605
2020-07-06,7.196133613586426
2020-07-07,7.052019119262695
2020-07-08,7.0135884284973145
2020-07-09,6.975157260894775
2020-07-10,7.301817893981934
2020-07-13,7.301817893981934
2020-07-14,7.455540657043457
2020-07-15,7.349855899810791
2020-07-16,7.445932388305664
2020-07-17,7.484363555908203
2020-07-20,7.359463214874268
2020-07-21,7.590047359466553
2020-07-22,7.445932388305664
2020-07-23,7.445932388305664
2020-07-24,7.41710901260376
2020-07-27,7.3690714836120605
2020-07-28,7.349855899810791
2020-07-29,7.244172096252441
2020-07-30,7.196133613586426
2020-07-31,7.109664440155029
2020-08-03,7.224956512451172
2020-08-04,7.244172096252441
2020-08-05,7.455540657043457
2020-08-06,8.493167877197266
2020-08-07,8.483559608459473
2020-08-10,9.054287910461426
2020-08-11,9.073636054992676
2020-08-12,8.715721130371094
2020-08-13,8.164337158203125
2020-08-14,8.164337158203125
2020-08-17,8.057929992675781
2020-08-18,7.951523303985596
2020-08-19,7.970869541168213
2020-08-20,7.970869541168213
2020-08-21,7.796749114990234
2020-08-24,7.961195945739746
2020-08-25,7.574260711669922
2020-08-26,7.245365619659424
2020-08-27,7.554913520812988
2020-08-28,7.583934307098389
2020-08-31,7.322753429412842
2020-09-01,7.264712810516357
2020-09-02,7.284059524536133
2020-09-03,7.1969990730285645
2020-09-04,7.245365619659424
2020-09-08,7.361446380615234
2020-09-09,7.255039215087891
2020-09-10,7.46785306930542
2020-09-11,7.2937331199646
2020-09-14,7.6226277351379395
2020-09-15,7.332426071166992
2020-09-16,7.4872002601623535
2020-09-17,7.554913520812988
2020-09-18,7.6226277351379395
2020-09-21,7.0615715980529785
2020-09-22,6.819737434387207
2020-09-23,6.152273178100586
2020-09-24,5.968479156494141
2020-09-25,6.026519298553467
2020-09-28,6.278027057647705
2020-09-29,6.036192417144775
2020-09-30,5.862071514129639
2020-10-01,5.920111656188965
2020-10-02,6.036192417144775
2020-10-05,6.239333629608154
2020-10-06,5.968479156494141
2020-10-07,5.755664348602295
2020-10-08,5.687950611114502
2020-10-09,5.707297801971436
2020-10-12,5.707297801971436
2020-10-13,5.223628520965576
2020-10-14,5.223628520965576
2020-10-15,5.271994590759277
2020-10-16,5.262321949005127
2020-10-19,4.933426856994629
2020-10-20,4.836692333221436
2020-10-21,4.817346096038818
2020-10-22,4.817346096038818
2020-10-23,4.904407024383545
2020-10-26,4.768978595733643
2020-10-27,4.546491146087647
2020-10-28,4.391716957092285
2020-10-29,4.353023529052734
2020-10-30,4.246616363525391
2020-11-02,4.498124122619629
2020-11-03,4.720612525939941
2020-11-04,4.585184574127197
2020-11-05,4.546491146087647
2020-11-06,4.217596054077148
2020-11-09,4.701265335083008
2020-11-10,5.030160427093506
2020-11-11,4.662572383880615
2020-11-12,4.420737266540527
2020-11-13,4.304656505584717
2020-11-16,4.4787774085998535
2020-11-17,4.430410385131836
2020-11-18,4.324003219604492
2020-11-19,4.498124122619629
2020-11-20,4.556923389434815
2020-11-23,4.50792407989502
2020-11-24,4.743120193481445
2020-11-25,4.645121574401856
2020-11-27,4.9195170402526855
2020-11-30,4.341326713562012
2020-12-01,4.302127361297607
2020-12-02,4.439325332641602
2020-12-03,4.4197258949279785
2020-12-04,4.645121574401856
2020-12-07,4.449124813079834
2020-12-08,4.4883246421813965
2020-12-09,4.478524684906006
2020-12-10,4.556923389434815
2020-12-11,4.527523994445801
2020-12-14,4.978316307067871
2020-12-15,5.144913196563721
2020-12-16,4.9685163497924805
2020-12-17,4.948916912078857
2020-12-18,5.017515659332275
2020-12-21,4.929316997528076
2020-12-22,5.066514492034912
2020-12-23,5.448708534240723
2020-12-24,5.95829963684082
2020-12-28,5.389908790588379
2020-12-29,5.654504776000977
2020-12-30,5.527106761932373
2020-12-31,5.605505466461182
2021-01-04,5.605505466461182
2021-01-05,5.5859055519104
2021-01-06,5.997498989105225
2021-01-07,6.105297088623047
2021-01-08,5.801502227783203
2021-01-11,5.693704128265381
2021-01-12,5.821101665496826
2021-01-13,5.644705295562744
2021-01-14,5.664304733276367
2021-01-15,5.615305423736572
2021-01-19,5.634904861450195
2021-01-20,5.576106071472168
2021-01-21,5.556506156921387
2021-01-22,5.566306114196777
2021-01-25,5.742703437805176
2021-01-26,5.527106761932373
2021-01-27,5.1547136306762695
2021-01-28,5.086114406585693
2021-01-29,4.978316307067871
2021-02-01,5.144913196563721
2021-02-02,5.213512420654297
2021-02-03,5.252711772918701
2021-02-04,5.458508014678955
2021-02-05,5.429108619689941
2021-02-08,5.625104904174805
2021-02-09,5.576106071472168
2021-02-10,5.595705509185791
2021-02-11,5.860301017761231
2021-02-12,5.928900241851807
2021-02-16,5.968099594116211
2021-02-17,5.821101665496826
2021-02-18,5.654504776000977
2021-02-19,5.762302875518799
2021-02-22,5.566306114196777
2021-02-23,5.50750732421875
2021-02-24,5.870100975036621
2021-02-25,6.330693244934082
2021-02-26,6.095497131347656
2021-03-01,6.956387519836426
2021-03-02,7.015758991241455
2021-03-03,6.9464921951293945
2021-03-04,6.61994743347168
2021-03-05,7.085025787353516
2021-03-08,7.748010158538818
2021-03-09,7.431361198425293
2021-03-10,7.748010158538818
2021-03-11,7.718324661254883
2021-03-12,7.797486782073975
2021-03-15,7.886544227600098
2021-03-16,7.322513103485107
2021-03-17,7.3719892501831055
2021-03-18,7.530313968658447
2021-03-19,7.431361198425293
2021-03-22,7.431361198425293
2021-03-23,7.312617301940918
2021-03-24,7.104816436767578
2021-03-25,7.085025787353516
2021-03-26,7.174083709716797
2021-03-29,7.065235137939453
2021-03-30,7.164187908172607
2021-03-31,7.134502410888672
2021-04-01,7.520418643951416
2021-04-05,7.34230375289917
2021-04-06,7.34230375289917
2021-04-07,7.312617301940918
2021-04-08,7.312617301940918
2021-04-09,7.292827129364014
2021-04-12,7.094921588897705
2021-04-13,7.065235137939453
2021-04-14,7.065235137939453
2021-04-15,7.114711761474609
2021-04-16,7.104816436767578
2021-04-19,6.352774620056152
2021-04-20,5.91738224029541
2021-04-21,5.966858863830566
2021-04-22,5.739266872406006
2021-04-23,6.095497131347656
2021-04-26,5.818429470062256
2021-04-27,5.828324317932129
2021-04-28,5.778848171234131
2021-04-29,5.729371547698975
2021-04-30,5.531466007232666
2021-05-03,5.808533668518066
2021-05-04,5.818429470062256
2021-05-05,6.095497131347656
2021-05-06,5.947068214416504
2021-05-07,5.897591590881348
2021-05-10,5.97675371170044
2021-05-11,5.719476699829102
2021-05-12,5.660104274749756
2021-05-13,5.670000076293945
2021-05-14,5.820000171661377
2021-05-17,5.789999961853027
2021-05-18,5.670000076293945
2021-05-19,5.659999847412109
2021-05-20,5.739999771118164
2021-05-21,5.710000038146973
2021-05-24,5.619999885559082
2021-05-25,5.329999923706055
2021-05-26,5.650000095367432
2021-05-27,5.570000171661377
2021-05-28,5.639999866485596
2021-06-01,5.860000133514404
2021-06-02,5.670000076293945
2021-06-03,5.590000152587891
2021-06-04,5.579999923706055
2021-06-07,5.789999961853027
2021-06-08,6.039999961853027
2021-06-09,6.050000190734863
2021-06-10,5.840000152587891
2021-06-11,5.909999847412109
2021-06-14,5.980000019073486
2021-06-15,6.230000019073486
2021-06-16,6.179999828338623
2021-06-17,6.300000190734863
2021-06-18,6.050000190734863
2021-06-21,6.039999961853027
2021-06-22,5.909999847412109
2021-06-23,6.070000171661377
2021-06-24,5.960000038146973
2021-06-25,5.800000190734863
2021-06-28,5.809999942779541
2021-06-29,5.78000020980835
2021-06-30,5.699999809265137
2021-07-01,5.75
2021-07-02,5.599999904632568
2021-07-06,5.170000076293945
2021-07-07,5.059999942779541
2021-07-08,4.960000038146973
2021-07-09,4.949999809265137
2021-07-12,4.880000114440918
2021-07-13,4.880000114440918
2021-07-14,4.860000133514404
2021-07-15,4.670000076293945
2021-07-16,4.570000171661377
2021-07-19,4.409999847412109
2021-07-20,4.429999828338623
2021-07-21,4.420000076293945
2021-07-22,4.340000152587891
2021-07-23,4.28000020980835
2021-07-26,4.28000020980835
2021-07-27,4.159999847412109
2021-07-28,4.369999885559082
2021-07-29,4.46999979019165
2021-07-30,4.380000114440918
2021-08-02,4.389999866485596
2021-08-03,4.25
2021-08-04,4.239999771118164
2021-08-05,4.110000133514404
2021-08-06,4.159999847412109
2021-08-09,3.9600000381469727
2021-08-10,4.010000228881836
2021-08-11,4.139999866485596
2021-08-12,4.110000133514404
2021-08-13,4.099999904632568
2021-08-16,4.050000190734863
2021-08-17,4.0
2021-08-18,3.9800000190734863
2021-08-19,3.849999904632568
2021-08-20,3.7899999618530273
2021-08-23,3.849999904632568
2021-08-24,3.809999942779541
2021-08-25,3.7699999809265137
2021-08-26,3.7100000381469727
2021-08-27,4.03000020980835
2021-08-30,3.7699999809265137
2021-08-31,3.809999942779541
2021-09-01,3.740000009536743
2021-09-02,3.690000057220459
2021-09-03,3.7100000381469727
2021-09-07,3.369999885559082
2021-09-08,3.359999895095825
2021-09-09,3.220000028610229
2021-09-10,3.140000104904175
2021-09-13,3.059999942779541
2021-09-14,2.9800000190734863
2021-09-15,2.880000114440918
2021-09-16,2.799999952316284
2021-09-17,3.150000095367432
2021-09-20,3.259999990463257
2021-09-21,3.190000057220459
2021-09-22,3.3399999141693115
2021-09-23,3.5299999713897705
2021-09-24,3.4800000190734863
2021-09-27,3.640000104904175
2021-09-28,3.4600000381469727
2021-09-29,3.5899999141693115
2021-09-30,3.630000114440918
2021-10-01,3.7899999618530273
2021-10-04,3.920000076293945
2021-10-05,3.990000009536743
2021-10-06,4.170000076293945
2021-10-07,4.079999923706055
2021-10-08,4.440000057220459
2021-10-11,4.260000228881836
2021-10-12,4.230000019073486
2021-10-13,4.230000019073486
2021-10-14,4.179999828338623
2021-10-15,4.019999980926514
2021-10-18,3.9600000381469727
2021-10-19,3.859999895095825
2021-10-20,4.239999771118164
2021-10-21,4.409999847412109
2021-10-22,4.400000095367432
2021-10-25,3.900000095367432
2021-10-26,3.759999990463257
2021-10-27,3.799999952316284
2021-10-28,3.890000104904175
2021-10-29,3.819999933242798
2021-11-01,4.130000114440918
2021-11-02,4.170000076293945
2021-11-03,4.269999980926514
2021-11-04,4.110000133514404
2021-11-05,4.329999923706055
2021-11-08,4.360000133514404
2021-11-09,4.329999923706055
2021-11-10,4.269999980926514
2021-11-11,4.409999847412109
2021-11-12,5.019999980926514
2021-11-15,4.920000076293945
2021-11-16,4.710000038146973
2021-11-17,4.53000020980835
2021-11-18,4.730000019073486
2021-11-19,4.610000133514404
2021-11-22,4.710000038146973
2021-11-23,4.710000038146973
2021-11-24,4.570000171661377
2021-11-26,4.369999885559082
2021-11-29,4.269999980926514
2021-11-30,4.130000114440918
2021-12-01,4.239999771118164
2021-12-02,4.440000057220459
2021-12-03,4.360000133514404
2021-12-06,4.630000114440918
2021-12-07,4.579999923706055
2021-12-08,4.559999942779541
2021-12-09,4.449999809265137
2021-12-10,4.360000133514404
2021-12-13,4.230000019073486
2021-12-14,4.239999771118164
2021-12-15,4.320000171661377
2021-12-16,4.309999942779541
2021-12-17,4.230000019073486
2021-12-20,4.150000095367432
2021-12-21,4.230000019073486
2021-12-22,4.25
2021-12-23,4.329999923706055
2021-12-27,4.389999866485596
2021-12-28,4.340000152587891
2021-12-29,4.369999885559082
2021-12-30,4.239999771118164
2021-12-31,4.340000152587891
2021-08-20,3.7899999618530273
2021-08-23,3.849999904632568
2021-08-24,3.809999942779541
2021-08-25,3.7699999809265137
2021-08-26,3.7100000381469727
2021-08-27,4.03000020980835
2021-08-30,3.7699999809265137
2021-08-31,3.809999942779541
2021-09-01,3.740000009536743
2021-09-02,3.690000057220459
2021-09-03,3.7100000381469727
2021-09-07,3.369999885559082
2021-09-08,3.359999895095825
2021-09-09,3.220000028610229
2021-09-10,3.140000104904175
2021-08-20,3.7899999618530273
2021-08-23,3.849999904632568
2021-08-24,3.809999942779541
2021-08-25,3.7699999809265137
2021-08-26,3.7100000381469727
2021-08-27,4.03000020980835
2021-08-30,3.7699999809265137
2021-08-31,3.809999942779541
2021-09-01,3.740000009536743
2021-09-02,3.690000057220459
2021-09-03,3.7100000381469727
2021-09-07,3.369999885559082
2021-09-08,3.359999895095825
2021-09-09,3.220000028610229
2021-09-10,3.140000104904175
